num_conta,cod_cliente,cod_agencia,cod_colaborador,tipo_conta,data_abertura,saldo_total,saldo_disponivel,data_ultimo_lancamento,hora_abertura,idade,hora_ultimo_lancamento,dias_desde_ultimo_lancamento
53,53,1,7,PF,2011-05-24,2984.76,2814.67,2019-07-02,15:30:00 UTC,13,11:03:46 UTC,1836
190,190,1,7,PF,2014-10-17,4262.43,4191.86,2021-03-25,14:48:00 UTC,9,12:00:15 UTC,1204
191,191,1,7,PF,2013-03-23,3266.57,3080.71,2016-09-09,14:14:00 UTC,11,23:34:15 UTC,2862
203,203,1,7,PF,2016-08-03,21241.54,19461.56,2022-12-28,16:13:00 UTC,7,07:58:24 UTC,561
254,254,1,7,PF,2012-10-24,13335.7,13197.54,2013-12-20,13:48:00 UTC,11,22:20:00 UTC,3856
306,306,1,7,PF,2012-05-23,22997.47,21677.88,2016-10-05,12:11:00 UTC,12,03:14:36 UTC,2836
472,472,1,7,PF,2022-08-07,4178.42,4183.68,2022-12-30,12:08:00 UTC,1,00:00:00.67516 UTC,559
520,520,1,7,PF,2019-11-03,1809.81,1288.51,2022-12-29,16:26:00 UTC,4,23:59:59.753932 UTC,560
739,739,1,7,PF,2014-02-26,45.77,616.79,2022-12-29,12:20:00 UTC,10,23:59:59.789361 UTC,560
509,509,1,13,PF,2012-01-20,19159.8,19863.76,2016-06-09,11:56:00 UTC,12,22:25:04 UTC,2954
688,688,1,13,PF,2017-12-05,61105.56,55917.15,2022-09-24,11:03:00 UTC,6,13:18:37 UTC,656
775,775,1,13,PF,2011-03-19,39008.68,35288.34,2021-06-25,14:55:00 UTC,13,14:12:03 UTC,1112
920,920,1,13,PF,2021-01-22,2023.58,2511.3,2022-12-29,13:48:00 UTC,3,23:59:59.953426 UTC,560
954,954,1,13,PF,2012-04-15,35545.03,34545.62,2020-03-22,10:23:00 UTC,12,02:59:42 UTC,1572
955,955,1,13,PF,2020-03-28,79502.07,80952.72,2022-06-04,14:02:00 UTC,4,07:26:23 UTC,768
170,170,1,14,PF,2022-12-15,926.71,335.38,2023-01-11,16:01:00 UTC,1,09:04:20.2749 UTC,547
218,218,1,14,PF,2019-10-01,180027.69,168407.88,2022-09-09,16:05:00 UTC,4,10:51:55 UTC,671
555,555,1,14,PF,2012-08-24,52691.54,54240.69,2019-04-01,12:57:00 UTC,11,21:41:58 UTC,1928
741,741,1,14,PF,2012-03-03,91849.87,83480.04,2020-11-17,14:17:00 UTC,12,22:35:58 UTC,1332
751,751,1,14,PF,2012-01-13,59.75,44.86,2022-07-17,12:29:00 UTC,12,17:25:28 UTC,725
953,953,1,14,PF,2015-06-11,1866.73,1827.75,2022-12-29,15:05:00 UTC,9,23:59:59.106764 UTC,560
108,108,1,23,PF,2017-04-13,1171.45,812.56,2022-12-29,12:21:00 UTC,7,23:59:59.646511 UTC,560
110,110,1,23,PF,2020-06-19,11059.76,10208.05,2022-12-30,16:06:00 UTC,4,00:00:00.199407 UTC,559
242,242,1,23,PF,2010-05-06,165102.06,163409.68,2019-08-09,14:03:00 UTC,14,23:42:11 UTC,1798
528,528,1,23,PF,2013-08-15,7243.59,7380.67,2018-09-04,14:41:00 UTC,10,03:56:17 UTC,2137
844,844,1,23,PF,2022-09-19,20803.94,20373.14,2022-12-29,12:48:00 UTC,1,23:59:59.639046 UTC,560
888,888,1,23,PF,2016-04-13,91067.68,87609.82,2021-05-22,11:01:00 UTC,8,22:18:09 UTC,1146
171,171,1,24,PF,2022-03-04,68520.06,66507.14,2022-12-30,16:24:00 UTC,2,00:00:00.7855 UTC,559
291,291,1,24,PF,2012-02-26,40641.12,41016.2,2022-12-08,12:34:00 UTC,12,08:47:13 UTC,581
481,481,1,24,PF,2020-04-14,86.28,74.53,2022-11-20,16:19:00 UTC,4,16:50:25 UTC,599
564,564,1,24,PF,2015-05-20,20584.69,19955.3,2017-07-18,11:34:00 UTC,9,11:54:24 UTC,2550
584,584,1,24,PF,2014-11-07,1658.17,1592.7,2019-08-27,11:59:00 UTC,9,12:10:09 UTC,1780
635,635,1,24,PF,2022-09-12,1534.56,1252.55,2022-12-30,15:38:00 UTC,1,00:00:00.33746 UTC,559
116,116,1,30,PF,2014-10-17,20992.18,20458.98,2022-08-12,13:19:00 UTC,9,12:32:52 UTC,699
153,153,1,30,PF,2014-09-12,14581.9,14679.19,2019-05-05,16:45:00 UTC,9,14:56:38 UTC,1894
176,176,1,30,PF,2019-04-20,14244.93,12934.41,2020-12-19,14:06:00 UTC,5,13:15:50 UTC,1300
199,199,1,30,PF,2019-01-10,92338.31,94200.58,2022-12-29,12:24:00 UTC,5,23:37:56 UTC,560
207,207,1,30,PF,2022-06-24,13029.24,52.13,2022-12-30,16:07:00 UTC,2,00:00:00.621813 UTC,559
275,275,1,30,PF,2020-05-02,51431.95,52418.24,2022-12-30,12:18:00 UTC,4,00:00:00.087069 UTC,559
361,361,1,30,PF,2018-01-08,16828.83,17483.74,2022-09-28,14:30:00 UTC,6,23:25:00 UTC,652
701,701,1,30,PF,2013-02-24,53.5,37.57,2020-03-30,10:46:00 UTC,11,08:05:11 UTC,1564
808,808,1,30,PF,2013-08-08,33978.83,32308.15,2022-04-21,14:43:00 UTC,10,18:11:48 UTC,812
910,910,1,30,PF,2011-11-03,38140.18,38894.44,2018-11-01,16:42:00 UTC,12,23:32:33 UTC,2079
290,290,1,31,PF,2016-02-19,10809.29,8075.48,2022-12-29,12:30:00 UTC,8,23:59:59.668206 UTC,560
451,451,1,31,PF,2011-08-25,14880.73,15408.8,2013-08-31,11:33:00 UTC,12,23:35:07 UTC,3967
557,557,1,31,PF,2017-12-09,2841.34,2543.82,2022-12-29,12:29:00 UTC,6,23:56:57 UTC,560
617,617,1,31,PF,2016-02-17,28163.42,28107.84,2017-10-26,11:37:00 UTC,8,19:24:41 UTC,2450
632,632,1,31,PF,2017-07-25,15022.8,14852.3,2022-12-29,16:41:00 UTC,6,23:59:59.732522 UTC,560
740,740,1,31,PF,2019-11-12,788.6,697.98,2022-12-29,12:14:00 UTC,4,23:50:54 UTC,560
134,134,1,34,PF,2013-06-11,19285.3,19263.65,2017-06-15,11:41:00 UTC,11,07:46:25 UTC,2583
410,410,1,34,PF,2019-04-22,2612.79,2608.29,2022-12-30,13:24:00 UTC,5,00:00:00.675814 UTC,559
429,429,1,34,PF,2015-05-28,7184.02,5418.26,2022-12-30,15:38:00 UTC,9,00:00:00.433124 UTC,559
496,496,1,34,PF,2020-02-27,18.42,78.95,2022-12-30,12:50:00 UTC,4,00:00:00.869078 UTC,559
631,631,1,34,PF,2010-12-10,21223.45,22164.99,2014-05-25,15:06:00 UTC,13,15:37:54 UTC,3700
878,878,1,34,PF,2012-05-16,32869.2,34449.17,2021-05-13,14:13:00 UTC,12,20:48:23 UTC,1155
6,6,1,42,PF,2010-03-09,14236.27,13407.48,2016-10-02,12:09:00 UTC,14,22:42:28 UTC,2839
620,620,1,42,PF,2010-06-21,29814.95,28876.55,2014-01-29,16:42:00 UTC,14,19:49:43 UTC,3816
714,714,1,42,PF,2015-06-18,48216.74,43787.36,2020-07-12,11:20:00 UTC,9,04:06:16 UTC,1460
877,877,1,42,PF,2013-02-11,125716.28,126887.95,2019-05-21,11:31:00 UTC,11,20:49:47 UTC,1878
286,286,1,58,PF,2021-07-12,3985.9,2427.58,2022-12-29,12:27:00 UTC,2,23:52:25 UTC,560
559,559,1,58,PF,2011-02-05,31372.24,29533.51,2022-12-30,14:40:00 UTC,13,00:00:00.049372 UTC,559
911,911,1,58,PF,2011-09-22,3545.66,3563.2,2022-12-29,12:17:00 UTC,12,23:59:59.851741 UTC,560
40,40,1,62,PF,2015-04-14,461.35,164.31,2022-12-29,14:50:00 UTC,9,23:59:59.352027 UTC,560
90,90,1,62,PF,2014-05-15,109727.88,99717.27,2015-12-25,13:06:00 UTC,10,21:14:30 UTC,3121
93,93,1,62,PF,2021-10-27,354.41,270.18,2022-12-29,11:09:00 UTC,2,23:59:59.036565 UTC,560
147,147,1,62,PF,2014-08-14,42405.95,41516.75,2015-11-13,14:32:00 UTC,9,17:37:41 UTC,3163
486,486,1,62,PF,2015-04-23,197.36,155.72,2022-12-29,13:18:00 UTC,9,22:47:31 UTC,560
501,501,1,62,PF,2018-06-20,232815.79,211636.04,2022-12-30,14:51:00 UTC,6,00:00:00.468941 UTC,559
670,670,1,62,PF,2022-10-25,42711.76,41331.12,2022-12-30,14:11:00 UTC,1,00:00:00.718266 UTC,559
735,735,1,62,PF,2012-12-03,72474.23,67091.37,2021-04-25,13:05:00 UTC,11,23:19:48 UTC,1173
805,805,1,62,PF,2011-05-08,4438.54,4510.78,2022-12-30,14:35:00 UTC,13,00:00:00.828982 UTC,559
19,19,1,67,PF,2019-10-05,2615.32,2364.85,2022-12-29,13:24:00 UTC,4,23:59:59.115282 UTC,560
106,106,1,67,PF,2010-08-14,68269.51,71851.76,2020-09-28,15:55:00 UTC,13,20:33:20 UTC,1382
146,146,1,67,PF,2010-06-27,10975.19,11304.7,2014-03-23,10:33:00 UTC,14,07:15:00 UTC,3763
154,154,1,67,PF,2013-10-14,81928.25,78745.64,2018-05-10,11:46:00 UTC,10,18:30:26 UTC,2254
198,198,1,67,PF,2016-09-09,7893.02,7802.34,2022-12-29,11:33:00 UTC,7,22:42:22 UTC,560
200,200,1,67,PF,2015-05-17,3503.06,2941.5,2022-12-26,10:24:00 UTC,9,07:35:44 UTC,563
260,260,1,67,PF,2013-10-22,23435.39,22294.71,2022-06-06,14:33:00 UTC,10,17:43:44 UTC,766
347,347,1,67,PF,2011-02-03,83141.24,87482.3,2015-05-01,16:40:00 UTC,13,04:58:44 UTC,3359
357,357,1,67,PF,2021-07-12,71.39,21.4,2022-12-30,15:17:00 UTC,2,00:00:00.925889 UTC,559
497,497,1,67,PF,2021-10-25,44788.25,45546.6,2022-12-29,16:18:00 UTC,2,23:59:59.201726 UTC,560
598,598,1,67,PF,2015-02-09,6940.73,6722.36,2022-12-30,13:15:00 UTC,9,00:00:00.545758 UTC,559
715,715,1,67,PF,2018-12-20,27057.15,23267.77,2022-12-30,16:17:00 UTC,5,00:00:00.415793 UTC,559
925,925,1,67,PF,2014-07-10,7854.3,7813.65,2022-12-29,14:52:00 UTC,10,22:10:15 UTC,560
68,68,1,72,PF,2019-08-11,66.69,54.72,2022-12-29,11:02:00 UTC,4,23:59:59.607906 UTC,560
195,195,1,72,PF,2011-03-08,28846.58,27711.57,2015-04-03,13:26:00 UTC,13,11:22:27 UTC,3387
280,280,1,72,PF,2017-04-20,14666.52,13614.04,2022-09-20,14:07:00 UTC,7,20:09:54 UTC,660
284,284,1,72,PF,2020-02-18,42994.12,43554.03,2022-12-29,13:51:00 UTC,4,22:10:49 UTC,560
604,604,1,72,PF,2022-03-20,66821.99,68837.85,2022-12-29,16:32:00 UTC,2,23:59:59.290722 UTC,560
697,697,1,72,PF,2013-01-24,1323.4,1185.81,2016-09-14,12:46:00 UTC,11,12:33:25 UTC,2857
831,831,1,72,PF,2016-01-22,32572.58,31390.16,2022-12-29,11:28:00 UTC,8,23:57:40 UTC,560
141,141,1,77,PF,2012-05-10,8239.8,8311.67,2015-02-25,13:49:00 UTC,12,00:30:47 UTC,3424
208,208,1,77,PF,2013-05-12,99593.47,101572.38,2016-07-29,13:48:00 UTC,11,15:49:35 UTC,2904
382,382,1,77,PF,2010-02-02,6992.42,6935.26,2017-02-22,14:28:00 UTC,14,12:18:12 UTC,2696
431,431,1,77,PF,2013-11-20,31323.33,31597.66,2019-04-02,11:12:00 UTC,10,12:38:44 UTC,1927
574,574,1,77,PF,2014-03-05,11612.55,10535.63,2022-07-03,16:10:00 UTC,10,23:00:19 UTC,739
684,684,1,77,PF,2020-03-14,14568.5,14689.17,2022-12-30,11:55:00 UTC,4,00:00:00.317437 UTC,559
717,717,1,77,PF,2015-02-21,30082.0,29273.68,2020-02-21,12:48:00 UTC,9,02:00:45 UTC,1602
892,892,1,77,PF,2015-08-05,8397.36,7660.12,2019-05-25,12:19:00 UTC,8,15:09:19 UTC,1874
145,145,1,79,PF,2011-03-03,69766.79,65137.83,2020-10-03,13:41:00 UTC,13,14:06:51 UTC,1377
152,152,1,79,PF,2017-07-01,68.44,16.22,2022-12-29,14:56:00 UTC,7,23:59:59.386084 UTC,560
258,258,1,79,PF,2011-08-21,14823.21,14252.92,2022-05-06,14:49:00 UTC,12,12:23:37 UTC,797
293,293,1,79,PF,2018-10-14,34326.8,33578.19,2022-10-29,12:48:00 UTC,5,02:01:59 UTC,621
473,473,1,79,PF,2016-01-02,50851.23,49224.08,2020-10-04,10:15:00 UTC,8,09:33:03 UTC,1376
567,567,1,79,PF,2011-05-16,31479.6,29103.95,2015-09-15,10:17:00 UTC,13,11:33:09 UTC,3222
758,758,1,79,PF,2014-12-25,62228.87,56551.49,2019-09-19,13:17:00 UTC,9,03:25:22 UTC,1757
875,875,1,79,PF,2015-01-18,33365.15,30866.63,2022-12-29,15:07:00 UTC,9,23:55:10 UTC,560
989,989,1,79,PF,2021-11-25,754.61,577.4,2022-12-29,14:47:00 UTC,2,23:59:55 UTC,560
119,119,1,83,PF,2020-01-14,27043.28,26165.99,2022-10-26,10:20:00 UTC,4,06:36:27 UTC,624
186,186,1,83,PF,2022-02-21,164.71,134.2,2022-12-30,15:05:00 UTC,2,00:00:00.56732 UTC,559
231,231,1,83,PF,2012-06-25,52989.0,49969.3,2017-02-09,11:43:00 UTC,12,11:55:11 UTC,2709
232,232,1,83,PF,2013-11-27,117243.3,110336.89,2020-07-24,16:57:00 UTC,10,08:10:00 UTC,1448
243,243,1,83,PF,2017-04-01,15640.93,16447.33,2022-10-24,14:23:00 UTC,7,13:33:00 UTC,626
331,331,1,83,PF,2012-09-22,15569.42,15030.97,2022-12-29,16:29:00 UTC,11,23:59:59.268198 UTC,560
602,602,1,83,PF,2018-10-24,10115.97,9667.71,2021-02-19,13:07:00 UTC,5,04:34:16 UTC,1238
671,671,1,83,PF,2021-08-09,8075.95,7551.61,2022-12-30,16:15:00 UTC,2,00:00:00.918448 UTC,559
804,804,1,83,PF,2011-12-06,58103.96,56919.71,2016-11-04,13:00:00 UTC,12,11:52:28 UTC,2806
927,927,1,83,PF,2011-08-15,34239.26,33034.49,2013-02-06,14:48:00 UTC,12,13:38:57 UTC,4173
938,938,1,83,PF,2016-12-12,167.21,116.36,2022-12-29,12:27:00 UTC,7,23:59:59.245727 UTC,560
42,42,2,12,PF,2013-04-12,27615.72,27609.02,2022-01-19,12:10:00 UTC,11,04:26:03 UTC,904
185,185,2,12,PF,2011-03-23,403.05,393.62,2021-03-04,14:06:00 UTC,13,19:53:30 UTC,1225
415,415,2,12,PF,2015-06-09,66837.71,64200.64,2022-12-30,14:03:00 UTC,9,00:00:00.397829 UTC,559
504,504,2,12,PF,2015-04-22,45917.36,46241.17,2022-12-29,14:18:00 UTC,9,22:39:57 UTC,560
548,548,2,12,PF,2021-05-24,51462.0,47060.44,2022-12-29,12:19:00 UTC,3,23:59:59.281558 UTC,560
23,23,2,15,PF,2012-12-06,19605.44,19299.27,2022-12-29,10:38:00 UTC,11,23:58:10 UTC,560
55,55,2,15,PF,2016-11-10,353.76,322.26,2022-12-30,14:25:00 UTC,7,00:00:00.379315 UTC,559
85,85,2,15,PF,2010-10-04,55114.87,10769.58,2022-12-11,13:19:00 UTC,13,09:49:24 UTC,578
138,138,2,15,PF,2018-04-06,230.13,116.05,2022-12-29,10:08:00 UTC,6,23:59:59.356948 UTC,560
188,188,2,15,PF,2022-11-12,10111.06,9159.69,2022-12-30,14:02:00 UTC,1,00:00:00.476412 UTC,559
432,432,2,15,PF,2011-04-27,122319.38,115048.84,2022-12-29,12:38:00 UTC,13,23:59:59.49324 UTC,560
455,455,2,15,PF,2017-08-24,1440.95,1268.5,2020-11-08,10:26:00 UTC,6,17:27:02 UTC,1341
517,517,2,15,PF,2020-12-11,62271.82,64049.89,2022-12-29,15:57:00 UTC,3,23:59:59.977786 UTC,560
545,545,2,15,PF,2019-12-16,20510.22,20524.46,2022-12-29,10:22:00 UTC,4,23:59:59.94329 UTC,560
621,621,2,15,PF,2015-03-11,52509.98,52048.08,2022-10-12,11:29:00 UTC,9,01:15:42 UTC,638
762,762,2,15,PF,2022-09-15,28104.6,27974.6,2022-12-29,14:36:00 UTC,1,23:59:59.911482 UTC,560
168,168,2,22,PF,2012-12-20,35959.3,37827.96,2022-07-06,16:11:00 UTC,11,14:23:09 UTC,736
456,456,2,22,PF,2014-02-12,25.76,12.04,2022-04-04,15:54:00 UTC,10,19:19:19 UTC,829
505,505,2,22,PF,2013-07-27,209128.93,191520.6,2022-10-19,13:47:00 UTC,10,20:01:15 UTC,631
566,566,2,22,PF,2013-11-11,5737.69,5160.79,2018-03-26,12:53:00 UTC,10,15:13:17 UTC,2299
666,666,2,22,PF,2015-07-27,47389.75,48308.97,2020-02-25,15:03:00 UTC,8,11:30:30 UTC,1598
750,750,2,22,PF,2012-05-05,3848.69,3727.02,2022-12-25,11:32:00 UTC,12,16:58:54 UTC,564
768,768,2,22,PF,2019-04-22,44919.13,42951.12,2022-12-29,14:34:00 UTC,5,23:55:59 UTC,560
14,14,2,28,PF,2014-08-26,3923.41,3491.48,2022-12-30,14:14:00 UTC,9,00:00:00.698664 UTC,559
45,45,2,28,PF,2015-10-19,15400.83,13450.8,2021-06-10,14:51:00 UTC,8,00:38:31 UTC,1127
221,221,2,28,PF,2016-08-16,2058.98,2677.19,2022-12-28,13:42:00 UTC,7,18:28:44 UTC,561
534,534,2,28,PF,2015-01-25,32217.0,33477.58,2022-12-29,16:56:00 UTC,9,22:53:27 UTC,560
799,799,2,28,PF,2021-05-24,128.33,7.34,2022-12-30,11:29:00 UTC,3,00:00:00.146195 UTC,559
841,841,2,28,PF,2020-04-16,35333.46,36788.9,2022-12-28,16:11:00 UTC,4,23:54:25 UTC,561
896,896,2,28,PF,2018-06-19,36968.31,39530.31,2022-12-29,14:13:00 UTC,6,23:59:59.122591 UTC,560
915,915,2,28,PF,2018-12-25,12410.46,12940.12,2022-10-01,12:03:00 UTC,5,08:38:58 UTC,649
945,945,2,28,PF,2016-05-10,48981.15,49096.21,2022-12-03,13:56:00 UTC,8,14:04:20 UTC,586
435,435,2,46,PF,2011-02-02,41480.04,40881.44,2019-06-30,11:14:00 UTC,13,20:38:23 UTC,1838
616,616,2,46,PF,2017-08-04,16991.02,15969.62,2022-12-29,10:47:00 UTC,6,23:59:59.913155 UTC,560
661,661,2,46,PF,2013-09-11,19.33,5.35,2022-12-29,13:40:00 UTC,10,23:59:56 UTC,560
664,664,2,46,PF,2017-11-12,17796.98,17333.02,2022-12-30,15:21:00 UTC,6,00:00:00.689084 UTC,559
667,667,2,46,PF,2022-03-06,987.98,760.39,2022-12-30,15:06:00 UTC,2,00:00:00.112756 UTC,559
766,766,2,46,PF,2014-09-07,271.74,334.31,2022-12-29,13:15:00 UTC,9,23:59:59.641 UTC,560
821,821,2,46,PF,2012-03-12,38099.7,37024.01,2016-02-26,12:31:00 UTC,12,14:02:42 UTC,3058
36,36,2,56,PF,2012-02-17,41929.75,40313.21,2022-12-29,15:58:00 UTC,12,23:59:54 UTC,560
46,46,2,56,PF,2011-06-04,47538.62,151644.4,2016-09-08,11:10:00 UTC,13,06:26:30 UTC,2863
277,277,2,56,PF,2013-06-09,1408.38,1263.39,2017-10-07,12:38:00 UTC,11,06:48:39 UTC,2469
375,375,2,56,PF,2019-06-22,13593.81,12657.9,2022-12-29,15:56:00 UTC,5,23:59:59.227118 UTC,560
495,495,2,56,PF,2015-07-02,29290.94,28153.49,2022-12-30,11:07:00 UTC,9,00:00:00.823395 UTC,559
539,539,2,56,PF,2011-04-21,17405.56,16455.88,2015-09-25,10:58:00 UTC,13,11:33:15 UTC,3212
744,744,2,56,PF,2012-03-21,4711.03,5493.63,2021-10-01,11:46:00 UTC,12,18:38:52 UTC,1014
774,774,2,56,PF,2018-07-11,206361.4,196440.97,2022-12-29,14:52:00 UTC,6,23:56:56 UTC,560
903,903,2,56,PF,2020-08-16,83936.28,84439.77,2022-03-13,11:05:00 UTC,3,19:41:29 UTC,851
930,930,2,56,PF,2018-04-03,16311.09,8241.09,2022-12-18,11:06:00 UTC,6,12:54:26 UTC,571
62,62,2,57,PF,2010-12-02,6662.32,6390.18,2020-06-28,12:14:00 UTC,13,21:08:18 UTC,1474
73,73,2,57,PF,2012-06-21,2612.72,2439.85,2017-05-21,14:25:00 UTC,12,09:14:01 UTC,2608
94,94,2,57,PF,2011-09-09,34545.96,33166.61,2022-12-30,15:00:00 UTC,12,00:00:00.138357 UTC,559
175,175,2,57,PF,2015-12-17,1931.37,1744.86,2018-05-18,14:44:00 UTC,8,21:30:15 UTC,2246
333,333,2,57,PF,2019-12-03,398.66,263.32,2022-12-29,13:34:00 UTC,4,23:59:59.673776 UTC,560
677,677,2,57,PF,2018-01-15,39346.53,38525.41,2022-07-12,11:14:00 UTC,6,17:02:07 UTC,730
760,760,2,57,PF,2013-04-27,20116.4,20875.57,2015-06-05,10:08:00 UTC,11,12:29:59 UTC,3324
801,801,2,57,PF,2019-09-27,34040.21,34583.48,2022-12-29,15:29:00 UTC,4,23:59:59.136427 UTC,560
905,905,2,57,PF,2013-03-04,18219.17,17267.95,2016-08-05,12:38:00 UTC,11,23:19:11 UTC,2897
990,990,2,57,PF,2020-01-23,6317.25,6536.31,2021-09-25,16:28:00 UTC,4,07:50:51 UTC,1020
26,26,2,63,PF,2012-08-12,10388.78,10032.94,2021-02-13,16:34:00 UTC,11,04:38:56 UTC,1244
51,51,2,63,PF,2022-01-18,330.55,305.04,2022-12-29,14:52:00 UTC,2,23:59:59.330763 UTC,560
140,140,2,63,PF,2015-02-10,140807.68,117253.54,2022-12-29,13:47:00 UTC,9,23:59:59.367528 UTC,560
235,235,2,63,PF,2018-06-01,114315.51,109905.99,2021-09-09,13:05:00 UTC,6,05:16:59 UTC,1036
383,383,2,63,PF,2017-01-24,38945.74,40234.88,2018-06-24,13:00:00 UTC,7,03:58:10 UTC,2209
633,633,2,63,PF,2011-05-08,16.8,0.6,2018-08-30,13:51:00 UTC,13,03:58:32 UTC,2142
4,4,2,65,PF,2017-04-06,184007.86,170283.25,2022-11-12,12:28:00 UTC,7,11:50:05 UTC,607
27,27,2,65,PF,2022-05-10,263.73,228.68,2022-12-30,12:29:00 UTC,2,00:00:00.767904 UTC,559
95,95,2,65,PF,2021-09-22,176.31,253.21,2022-12-29,15:00:00 UTC,2,23:59:59.772328 UTC,560
11,11,2,69,PF,2010-11-12,8749.81,8414.48,2022-12-29,16:37:00 UTC,13,23:59:56 UTC,560
177,177,2,69,PF,2022-10-15,12129.61,12439.49,2022-12-29,16:31:00 UTC,1,23:59:59.932063 UTC,560
244,244,2,69,PF,2012-04-20,22751.99,22071.15,2022-12-24,13:36:00 UTC,12,02:19:53 UTC,565
251,251,2,69,PF,2013-07-11,8907.74,8346.63,2021-09-05,14:28:00 UTC,11,04:36:19 UTC,1040
468,468,2,69,PF,2021-08-27,10007.9,10124.27,2022-12-30,13:19:00 UTC,2,00:00:00.468061 UTC,559
533,533,2,69,PF,2021-08-09,26541.77,24783.65,2022-12-29,12:39:00 UTC,2,23:59:59.604072 UTC,560
759,759,2,69,PF,2022-01-02,937.58,1702.4,2022-12-29,14:41:00 UTC,2,23:59:59.09932 UTC,560
919,919,2,69,PF,2014-10-18,11549.64,11770.39,2018-09-03,12:17:00 UTC,9,14:38:01 UTC,2138
972,972,2,69,PF,2010-08-10,18882.36,17130.82,2022-05-08,15:41:00 UTC,13,01:59:15 UTC,795
166,166,2,70,PF,2014-11-21,124745.7,122476.89,2021-01-20,15:42:00 UTC,9,11:41:39 UTC,1268
222,222,2,70,PF,2014-05-11,10214.64,10068.5,2017-07-30,10:03:00 UTC,10,00:08:27 UTC,2538
642,642,2,70,PF,2019-06-26,14609.9,14856.86,2022-12-29,12:58:00 UTC,5,23:59:59.449488 UTC,560
655,655,2,70,PF,2016-02-11,74550.79,70325.65,2020-05-15,14:22:00 UTC,8,16:28:49 UTC,1518
699,699,2,70,PF,2011-03-22,24351.57,22299.44,2022-12-29,14:49:00 UTC,13,23:59:59.406374 UTC,560
700,700,2,70,PF,2017-12-06,24760.97,25235.92,2022-12-30,16:13:00 UTC,6,00:00:00.050689 UTC,559
510,510,2,81,PF,2012-03-16,23050.59,20939.23,2022-12-29,13:03:00 UTC,12,23:59:59.194889 UTC,560
640,640,2,81,PF,2020-06-11,151.11,61.3,2022-12-29,14:58:00 UTC,4,23:59:59.961749 UTC,560
668,668,2,81,PF,2015-03-03,2967.72,918.58,2022-12-30,12:16:00 UTC,9,00:00:00.758288 UTC,559
879,879,2,81,PF,2013-07-12,238990.88,231759.98,2019-09-11,10:44:00 UTC,10,05:47:27 UTC,1765
891,891,2,81,PF,2012-02-20,5171.98,5112.55,2018-08-12,13:42:00 UTC,12,08:36:11 UTC,2160
913,913,2,81,PF,2021-10-08,297.75,128.35,2022-12-30,14:19:00 UTC,2,00:00:00.41435 UTC,559
75,75,2,96,PF,2011-06-12,43845.3,44058.34,2022-10-08,13:50:00 UTC,13,06:10:17 UTC,642
201,201,2,96,PF,2021-11-12,20524.26,19820.47,2022-12-30,16:43:00 UTC,2,00:00:00.097381 UTC,559
323,323,2,96,PF,2015-06-14,3914.17,3800.27,2022-12-30,16:51:00 UTC,9,00:00:00.568614 UTC,559
372,372,2,96,PF,2013-11-27,25957.56,24630.6,2019-10-25,13:03:00 UTC,10,08:58:32 UTC,1721
425,425,2,96,PF,2021-01-22,773.54,29312.93,2022-12-29,13:13:00 UTC,3,23:59:59.637724 UTC,560
547,547,2,96,PF,2013-04-04,24560.0,45922.63,2018-01-29,15:11:00 UTC,11,23:27:08 UTC,2355
623,623,2,96,PF,2018-06-12,274.86,195.38,2021-11-04,11:47:00 UTC,6,05:58:29 UTC,980
659,659,2,96,PF,2011-09-22,43301.92,40067.48,2019-10-04,14:33:00 UTC,12,10:28:51 UTC,1742
797,797,2,96,PF,2018-10-21,66.32,40.06,2022-12-30,14:14:00 UTC,5,00:00:00.98649 UTC,559
826,826,2,96,PF,2017-07-16,3343.12,3376.43,2019-08-18,10:31:00 UTC,6,17:54:24 UTC,1789
890,890,2,96,PF,2013-12-11,91.91,34.61,2022-09-19,14:23:00 UTC,10,07:33:48 UTC,661
998,998,2,96,PF,2013-11-07,12110.95,47398.84,2016-07-24,13:05:00 UTC,10,12:03:50 UTC,2909
135,135,3,4,PF,2016-07-03,7367.6,7665.52,2020-11-27,12:30:00 UTC,8,11:01:16 UTC,1322
189,189,3,4,PF,2021-09-16,3657.94,2875.48,2022-12-29,11:47:00 UTC,2,23:47:10 UTC,560
656,656,3,4,PF,2019-02-20,30350.78,30770.78,2021-05-18,12:24:00 UTC,5,04:02:16 UTC,1150
814,814,3,4,PF,2014-09-09,20261.34,19025.32,2018-09-10,14:55:00 UTC,9,03:08:32 UTC,2131
876,876,3,4,PF,2019-04-17,5137.5,5069.37,2022-12-29,11:01:00 UTC,5,23:59:59.711504 UTC,560
895,895,3,4,PF,2022-08-15,3191.86,3020.27,2022-12-30,11:35:00 UTC,1,00:00:00.708347 UTC,559
963,963,3,4,PF,2022-06-13,6909.48,6250.55,2022-12-29,15:07:00 UTC,2,23:59:59.305111 UTC,560
70,70,3,27,PF,2021-02-18,108.51,28940.35,2022-12-30,15:23:00 UTC,3,00:00:00.135754 UTC,559
229,229,3,27,PF,2013-01-20,15665.47,15511.6,2016-11-13,11:26:00 UTC,11,19:53:00 UTC,2797
368,368,3,27,PF,2016-03-03,12017.39,12075.63,2022-12-29,13:31:00 UTC,8,23:59:59.147739 UTC,560
376,376,3,27,PF,2012-04-07,11668.15,10745.11,2022-09-30,15:08:00 UTC,12,08:42:18 UTC,650
721,721,3,27,PF,2022-07-17,1729.32,1623.71,2022-12-29,14:30:00 UTC,1,23:59:59.060207 UTC,560
845,845,3,27,PF,2020-12-16,904.8,477.95,2022-12-30,15:14:00 UTC,3,00:00:00.802509 UTC,559
897,897,3,27,PF,2016-12-07,208.51,156.15,2022-12-29,11:46:00 UTC,7,23:59:59.625723 UTC,560
21,21,3,37,PF,2016-07-10,7250.57,6957.31,2022-11-24,12:29:00 UTC,8,19:30:54 UTC,595
129,129,3,37,PF,2013-01-08,40602.26,38336.69,2020-04-09,15:31:00 UTC,11,07:00:43 UTC,1554
212,212,3,37,PF,2021-04-09,26933.38,26472.64,2022-12-29,15:40:00 UTC,3,23:59:59.48936 UTC,560
420,420,3,37,PF,2013-01-24,10852.62,11170.85,2017-05-22,10:10:00 UTC,11,20:51:50 UTC,2607
608,608,3,37,PF,2014-09-20,28555.18,28544.94,2019-12-14,11:49:00 UTC,9,17:57:10 UTC,1671
767,767,3,37,PF,2019-12-06,77102.73,74114.26,2022-12-18,15:52:00 UTC,4,14:40:10 UTC,571
850,850,3,37,PF,2013-07-22,117660.8,107914.04,2018-08-05,14:42:00 UTC,10,01:57:43 UTC,2167
173,173,3,41,PF,2021-05-12,87.44,536.72,2022-12-29,14:45:00 UTC,3,23:59:59.464383 UTC,560
525,525,3,41,PF,2012-05-03,22773.81,20567.89,2017-10-21,13:10:00 UTC,12,07:21:47 UTC,2455
576,576,3,41,PF,2015-12-26,1618.48,1368.46,2021-04-12,13:07:00 UTC,8,00:08:06 UTC,1186
582,582,3,41,PF,2013-02-21,36087.81,37148.3,2022-12-30,11:58:00 UTC,11,00:00:00.462063 UTC,559
603,603,3,41,PF,2018-04-20,4323.15,4352.13,2022-12-29,10:44:00 UTC,6,15:20:07 UTC,560
689,689,3,41,PF,2014-04-15,37557.59,34398.15,2022-12-29,11:08:00 UTC,10,22:51:57 UTC,560
861,861,3,41,PF,2018-07-15,3621.64,3264.96,2022-09-26,11:31:00 UTC,5,16:33:15 UTC,654
104,104,3,45,PF,2018-01-04,10225.38,10009.55,2022-12-30,12:09:00 UTC,6,00:00:00.624769 UTC,559
179,179,3,45,PF,2019-01-15,67454.05,66086.48,2022-12-29,11:29:00 UTC,5,23:59:59.901142 UTC,560
364,364,3,45,PF,2013-09-07,19006.9,19977.87,2019-02-24,14:06:00 UTC,10,05:44:55 UTC,1964
371,371,3,45,PF,2012-12-04,35852.78,32782.46,2022-12-29,12:48:00 UTC,11,23:58:41 UTC,560
535,535,3,45,PF,2014-09-06,35.27,24.18,2021-09-06,13:52:00 UTC,9,18:08:48 UTC,1039
800,800,3,45,PF,2015-02-25,45523.67,46356.45,2022-12-30,15:05:00 UTC,9,00:00:00.482356 UTC,559
840,840,3,45,PF,2013-02-05,18951.81,19926.05,2022-12-29,11:08:00 UTC,11,23:59:59.777193 UTC,560
966,966,3,45,PF,2013-11-05,15348.31,15243.72,2022-12-29,15:33:00 UTC,10,08:21:46 UTC,560
71,71,3,47,PF,2013-12-14,16164.54,14842.35,2019-12-04,13:59:00 UTC,10,03:28:17 UTC,1681
162,162,3,47,PF,2012-11-15,22674.02,22376.76,2016-11-24,11:37:00 UTC,11,10:37:37 UTC,2786
238,238,3,47,PF,2019-03-08,786.88,783.2,2022-12-29,16:08:00 UTC,5,23:59:59.181535 UTC,560
374,374,3,47,PF,2013-07-28,71434.55,69922.48,2021-03-04,11:52:00 UTC,10,21:21:16 UTC,1225
430,430,3,47,PF,2013-08-16,1546.67,1451.68,2019-03-11,11:02:00 UTC,10,04:35:56 UTC,1949
752,752,3,47,PF,2017-10-28,657.92,538.65,2022-12-29,15:26:00 UTC,6,23:59:59.381012 UTC,560
778,778,3,47,PF,2018-12-21,4988.43,5373.21,2022-12-29,14:46:00 UTC,5,23:59:59.562888 UTC,560
832,832,3,47,PF,2012-12-25,56012.79,51659.17,2019-09-23,15:27:00 UTC,11,22:31:07 UTC,1753
863,863,3,47,PF,2015-11-26,118.81,56.56,2018-09-23,12:41:00 UTC,8,21:05:00 UTC,2118
3,3,3,49,PF,2013-01-05,25244.49,24079.04,2022-08-14,13:13:00 UTC,11,20:51:30 UTC,697
155,155,3,49,PF,2013-08-22,57577.01,57526.38,2018-09-21,13:27:00 UTC,10,22:25:28 UTC,2120
523,523,3,49,PF,2013-03-18,16025.31,14722.03,2015-06-04,10:44:00 UTC,11,18:42:29 UTC,3325
765,765,3,49,PF,2019-05-27,291.08,200.49,2022-12-29,12:48:00 UTC,5,23:59:59.267491 UTC,560
846,846,3,49,PF,2013-10-12,143847.09,130458.18,2022-12-30,10:33:00 UTC,10,00:00:00.110692 UTC,559
881,881,3,49,PF,2019-12-23,5707.79,5466.55,2022-12-29,15:28:00 UTC,4,23:57:20 UTC,560
886,886,3,49,PF,2014-04-26,3586.69,3645.79,2019-03-02,15:43:00 UTC,10,04:00:38 UTC,1958
909,909,3,74,PF,2019-01-04,64506.15,67700.81,2022-11-25,13:26:00 UTC,5,11:40:32 UTC,594
56,56,3,78,PF,2022-09-21,149048.22,139067.4,2022-12-29,14:40:00 UTC,1,23:59:59.172722 UTC,560
269,269,3,78,PF,2013-01-05,15245.68,14424.13,2020-06-26,13:51:00 UTC,11,14:50:37 UTC,1476
325,325,3,78,PF,2014-04-14,23586.85,24763.26,2017-06-18,15:34:00 UTC,10,05:59:33 UTC,2580
480,480,3,78,PF,2012-12-09,104.98,11.27,2022-11-03,11:58:00 UTC,11,15:02:20 UTC,616
507,507,3,78,PF,2015-04-20,296.15,254.43,2021-09-24,11:35:00 UTC,9,11:34:05 UTC,1021
599,599,3,78,PF,2020-01-11,161.94,139.21,2022-12-27,14:52:00 UTC,4,05:16:01 UTC,562
898,898,3,78,PF,2013-02-25,79839.16,79023.89,2018-03-09,15:54:00 UTC,11,02:47:00 UTC,2316
914,914,3,78,PF,2017-11-11,675.83,650.86,2022-12-26,11:08:00 UTC,6,03:19:05 UTC,563
43,43,3,88,PF,2016-09-03,43388.05,39429.83,2022-12-29,15:08:00 UTC,7,23:59:59.486255 UTC,560
80,80,3,88,PF,2015-04-23,28432.93,29330.0,2022-12-29,15:08:00 UTC,9,23:58:24 UTC,560
205,205,3,88,PF,2016-01-15,28440.02,26009.76,2022-08-23,11:42:00 UTC,8,17:11:54 UTC,688
373,373,3,88,PF,2013-07-19,47371.69,48268.47,2016-11-07,15:18:00 UTC,10,23:16:26 UTC,2803
419,419,3,88,PF,2013-05-01,1444.26,1153.85,2022-12-30,15:18:00 UTC,11,00:00:00.898288 UTC,559
115,115,3,98,PF,2013-01-16,6.47,82556.41,2016-08-14,15:15:00 UTC,11,00:37:46 UTC,2888
193,193,3,98,PF,2014-06-24,9466.42,9226.57,2022-12-29,14:39:00 UTC,10,23:59:59.974984 UTC,560
248,248,3,98,PF,2019-06-13,919.25,871.17,2022-08-07,11:34:00 UTC,5,17:26:08 UTC,704
298,298,3,98,PF,2012-04-21,106461.8,99486.45,2019-04-06,15:53:00 UTC,12,04:06:26 UTC,1923
408,408,3,98,PF,2021-10-15,9193.06,8497.31,2022-12-30,10:47:00 UTC,2,00:00:00.614611 UTC,559
416,416,3,98,PF,2022-12-18,35643.51,34907.8,2023-01-01,13:37:00 UTC,1,20:22:28.291488 UTC,557
592,592,3,98,PF,2014-10-28,493.41,427.08,2022-12-06,14:46:00 UTC,9,18:19:31 UTC,583
866,866,3,98,PF,2019-06-22,4.34,624.82,2022-12-30,13:36:00 UTC,5,00:00:00.276554 UTC,559
906,906,3,98,PF,2012-11-25,25095.49,25725.94,2022-12-29,14:07:00 UTC,11,23:59:59.463588 UTC,560
960,960,3,98,PF,2014-07-05,78171.21,77835.11,2020-01-10,13:14:00 UTC,10,00:14:06 UTC,1644
9,9,4,3,PF,2022-12-08,81101.63,75739.07,2022-12-30,11:21:00 UTC,1,16:23:13.549956 UTC,559
39,39,4,3,PF,2022-04-25,12353.21,12760.23,2022-12-29,15:35:00 UTC,2,23:59:59.468678 UTC,560
460,460,4,3,PF,2014-03-04,4130.98,2982.8,2022-12-24,10:43:00 UTC,10,04:32:38 UTC,565
571,571,4,3,PF,2018-01-18,469.75,316.68,2022-12-30,14:36:00 UTC,6,00:00:00.108166 UTC,559
580,580,4,3,PF,2014-05-04,17823.12,17114.17,2022-12-29,13:13:00 UTC,10,23:59:59.585665 UTC,560
727,727,4,3,PF,2020-08-10,2660.26,1976.68,2022-06-08,12:55:00 UTC,3,10:09:04 UTC,764
780,780,4,3,PF,2018-02-05,2476.53,2414.31,2022-02-20,11:35:00 UTC,6,07:42:18 UTC,872
813,813,4,3,PF,2020-08-28,410.84,202.07,2022-12-30,11:27:00 UTC,3,00:00:00.084096 UTC,559
848,848,4,3,PF,2022-10-14,6.09,26.09,2022-12-29,14:02:00 UTC,1,23:59:59.524731 UTC,560
924,924,4,3,PF,2021-10-20,26185.64,23748.1,2022-12-29,15:55:00 UTC,2,23:59:14 UTC,560
943,943,4,3,PF,2017-09-07,35595.45,32521.38,2022-12-30,15:09:00 UTC,6,00:00:00.929314 UTC,559
5,5,4,32,PF,2015-01-14,137649.19,120169.19,2018-07-24,11:53:00 UTC,9,03:18:52 UTC,2179
49,49,4,32,PF,2021-05-05,349.16,97.49,2022-12-29,12:58:00 UTC,3,23:59:59.235451 UTC,560
148,148,4,32,PF,2016-02-22,6451.98,5824.07,2022-12-28,11:31:00 UTC,8,19:44:36 UTC,561
187,187,4,32,PF,2022-03-08,8302.29,7893.98,2022-12-29,15:48:00 UTC,2,23:59:59.691567 UTC,560
250,250,4,32,PF,2018-12-08,8020.77,9242.54,2022-12-29,13:43:00 UTC,5,23:59:59.833297 UTC,560
279,279,4,32,PF,2018-04-09,21046.98,21497.92,2022-12-29,11:15:00 UTC,6,23:59:59.844831 UTC,560
356,356,4,32,PF,2014-01-13,44776.38,40667.3,2022-06-01,11:30:00 UTC,10,14:56:38 UTC,771
444,444,4,32,PF,2022-11-20,3825.86,3737.08,2022-12-30,16:56:00 UTC,1,00:00:00.907773 UTC,559
467,467,4,32,PF,2018-02-26,32232.68,32091.99,2022-12-29,12:52:00 UTC,6,23:59:59.242815 UTC,560
615,615,4,32,PF,2021-06-11,98888.47,90717.11,2022-12-30,16:02:00 UTC,3,00:00:00.184665 UTC,559
638,638,4,32,PF,2018-07-05,314.0,19.7,2022-12-29,11:41:00 UTC,6,23:59:59.306088 UTC,560
705,705,4,32,PF,2015-07-24,7272.48,7395.5,2019-05-21,13:19:00 UTC,8,05:28:33 UTC,1878
749,749,4,32,PF,2018-08-23,45291.67,43485.14,2021-05-18,12:31:00 UTC,5,15:03:23 UTC,1150
781,781,4,32,PF,2014-09-23,337.7,78.42,2022-07-26,11:27:00 UTC,9,15:01:24 UTC,716
828,828,4,32,PF,2021-12-25,10753.21,10954.17,2022-12-30,12:52:00 UTC,2,00:00:00.363526 UTC,559
830,830,4,32,PF,2018-01-11,20823.54,19957.63,2022-12-29,14:07:00 UTC,6,16:43:16 UTC,560
834,834,4,32,PF,2015-03-25,241.17,179.65,2018-08-31,14:02:00 UTC,9,03:04:19 UTC,2141
923,923,4,32,PF,2021-05-05,21432.62,21785.72,2022-12-29,13:11:00 UTC,3,23:59:59 UTC,560
988,988,4,32,PF,2021-02-22,2195.14,2052.75,2022-12-28,14:02:00 UTC,3,21:18:58 UTC,561
57,57,4,61,PF,2017-05-04,698.57,619.98,2022-12-29,16:51:00 UTC,7,23:58:01 UTC,560
60,60,4,61,PF,2017-11-28,3646.37,3704.51,2022-02-17,14:52:00 UTC,6,17:18:46 UTC,875
161,161,4,61,PF,2015-08-17,7354.64,6742.02,2021-10-24,15:19:00 UTC,8,13:08:04 UTC,991
230,230,4,61,PF,2020-12-22,8796.05,8269.42,2022-12-30,16:37:00 UTC,3,00:00:00.169379 UTC,559
252,252,4,61,PF,2019-07-18,269.71,237.12,2021-06-17,12:56:00 UTC,4,13:59:18 UTC,1120
322,322,4,61,PF,2014-06-27,48224.93,48608.93,2019-02-24,15:40:00 UTC,10,23:20:51 UTC,1964
350,350,4,61,PF,2018-11-15,65716.3,66372.28,2022-12-30,15:42:00 UTC,5,00:00:00.14673 UTC,559
541,541,4,61,PF,2019-04-25,80038.67,82151.29,2022-12-29,13:04:00 UTC,5,18:39:24 UTC,560
568,568,4,61,PF,2020-08-22,78357.28,74084.74,2022-12-29,15:21:00 UTC,3,23:59:59.094036 UTC,560
575,575,4,61,PF,2015-07-27,80964.1,79474.92,2022-06-23,11:15:00 UTC,8,07:35:02 UTC,749
852,852,4,61,PF,2015-07-01,41988.59,42369.58,2016-09-28,16:05:00 UTC,9,15:36:43 UTC,2843
970,970,4,61,PF,2021-01-07,34423.44,32777.22,2022-12-29,15:42:00 UTC,3,09:00:54 UTC,560
164,164,4,73,PF,2014-09-08,6258.36,6164.68,2020-05-21,12:52:00 UTC,9,03:00:44 UTC,1512
233,233,4,73,PF,2014-12-02,30.06,9.76,2019-04-09,14:14:00 UTC,9,01:26:15 UTC,1920
259,259,4,73,PF,2019-10-12,143.99,102.77,2022-12-29,12:17:00 UTC,4,23:59:59.925936 UTC,560
304,304,4,73,PF,2019-07-04,47188.65,44492.25,2021-03-07,11:12:00 UTC,5,13:57:27 UTC,1222
346,346,4,73,PF,2019-03-02,72228.95,66842.31,2022-06-21,11:07:00 UTC,5,22:38:31 UTC,751
363,363,4,73,PF,2022-05-03,5784.43,4613.95,2022-12-29,11:19:00 UTC,2,23:59:59.540603 UTC,560
366,366,4,73,PF,2014-06-06,18102.16,18358.39,2022-12-29,15:19:00 UTC,10,23:59:59.693692 UTC,560
390,390,4,73,PF,2018-08-17,245.62,301.42,2022-12-20,15:11:00 UTC,5,16:53:47 UTC,569
448,448,4,73,PF,2019-12-18,108585.12,108046.82,2022-12-30,13:11:00 UTC,4,00:00:00.302617 UTC,559
515,515,4,73,PF,2014-04-17,127.81,101.63,2022-12-30,15:32:00 UTC,10,00:00:00.819885 UTC,559
614,614,4,73,PF,2014-04-16,17250.89,17057.35,2018-10-11,13:23:00 UTC,10,13:45:20 UTC,2100
624,624,4,73,PF,2015-08-03,6263.42,5759.04,2022-04-09,16:55:00 UTC,8,16:15:28 UTC,824
703,703,4,73,PF,2015-03-04,13916.08,14255.22,2020-04-08,13:12:00 UTC,9,17:50:08 UTC,1555
723,723,4,73,PF,2013-12-02,29617.02,27618.22,2019-08-17,14:38:00 UTC,10,03:45:19 UTC,1790
753,753,4,73,PF,2017-07-04,13400.35,13211.55,2022-09-08,15:05:00 UTC,7,08:44:46 UTC,672
776,776,4,73,PF,2021-03-14,117.6,76.58,2022-12-29,15:58:00 UTC,3,23:59:59.00265 UTC,560
798,798,4,73,PF,2015-11-21,539.24,509.95,2022-12-29,10:49:00 UTC,8,23:56:27 UTC,560
838,838,4,73,PF,2013-11-15,20058.3,19265.34,2021-05-08,16:17:00 UTC,10,07:11:47 UTC,1160
899,899,4,73,PF,2021-10-17,8539.37,8294.29,2022-12-29,13:00:00 UTC,2,23:59:59.35822 UTC,560
934,934,4,73,PF,2017-08-25,4177.67,3450.27,2022-12-29,16:02:00 UTC,6,23:59:59.465741 UTC,560
940,940,4,73,PF,2016-10-25,7979.81,8178.8,2022-12-29,11:53:00 UTC,7,23:55:32 UTC,560
974,974,4,73,PF,2014-07-18,1633.75,1166.87,2016-11-23,15:15:00 UTC,9,20:48:56 UTC,2787
993,993,4,73,PF,2017-10-07,6775.41,6150.55,2021-11-17,11:40:00 UTC,6,01:08:31 UTC,967
102,102,5,5,PF,2015-02-28,15506.31,14875.64,2022-12-29,16:28:00 UTC,9,23:59:59.841585 UTC,560
158,158,5,5,PF,2018-10-22,102.45,60.28,2022-02-07,15:47:00 UTC,5,05:58:52 UTC,885
312,312,5,5,PF,2022-07-12,2990.55,2843.45,2022-12-29,16:34:00 UTC,1,23:59:59.301049 UTC,560
532,532,5,5,PF,2021-07-13,49694.78,49628.38,2022-12-30,14:56:00 UTC,2,00:00:00.473273 UTC,559
747,747,5,5,PF,2022-11-18,505.39,507.2,2022-12-29,14:04:00 UTC,1,23:59:59.735921 UTC,560
180,180,5,9,PF,2022-07-21,3046.32,3004.33,2022-12-29,12:36:00 UTC,1,23:59:59.643909 UTC,560
215,215,5,9,PF,2020-04-10,45569.01,44209.51,2022-12-29,14:14:00 UTC,4,23:59:59.137126 UTC,560
413,413,5,9,PF,2014-05-20,12999.93,13377.54,2022-12-29,11:41:00 UTC,10,23:10:57 UTC,560
600,600,5,9,PF,2021-01-10,2724.05,2350.11,2022-12-29,15:35:00 UTC,3,23:59:59.635068 UTC,560
980,980,5,9,PF,2022-07-27,5490.92,5758.24,2022-12-30,11:26:00 UTC,1,00:00:00.431605 UTC,559
1,1,5,10,PF,2014-07-08,22473.87,22538.06,2022-11-08,16:25:00 UTC,10,13:22:46 UTC,611
223,223,5,10,PF,2022-12-17,30.26,12.23,2022-12-29,16:43:00 UTC,1,23:59:59.024565 UTC,560
476,476,5,10,PF,2018-05-26,37413.6,34814.88,2021-02-23,15:11:00 UTC,6,06:10:46 UTC,1234
630,630,5,10,PF,2014-07-02,799.29,698.33,2022-12-03,12:56:00 UTC,10,10:49:57 UTC,586
833,833,5,10,PF,2014-07-17,16409.37,15424.99,2021-03-23,12:29:00 UTC,9,03:37:51 UTC,1206
157,157,5,21,PF,2017-08-20,183979.04,172773.53,2022-12-27,12:13:00 UTC,6,08:19:50 UTC,562
326,326,5,21,PF,2018-01-27,35921.45,1284.29,2022-09-02,14:50:00 UTC,6,11:18:09 UTC,678
447,447,5,21,PF,2022-03-08,453.5,396.53,2022-12-29,15:28:00 UTC,2,23:59:59.104941 UTC,560
514,514,5,21,PF,2021-01-20,12237.53,11325.96,2022-12-29,11:35:00 UTC,3,23:59:59.719657 UTC,560
196,196,5,36,PF,2014-06-05,34585.58,35985.86,2021-04-27,12:16:00 UTC,10,14:55:59 UTC,1171
343,343,5,36,PF,2021-09-20,25938.22,24644.54,2022-12-30,12:12:00 UTC,2,00:00:00.725948 UTC,559
692,692,5,36,PF,2014-07-11,34962.18,32166.28,2022-12-30,12:48:00 UTC,10,00:00:00.681571 UTC,559
987,987,5,36,PF,2014-08-02,2148.68,2159.69,2016-08-29,14:57:00 UTC,9,01:18:41 UTC,2873
328,328,5,43,PF,2017-03-04,36948.71,33788.96,2019-05-02,13:03:00 UTC,7,05:36:42 UTC,1897
562,562,5,43,PF,2021-07-16,1973.93,1811.49,2022-12-29,16:50:00 UTC,2,23:59:59.876057 UTC,560
653,653,5,43,PF,2016-06-16,94097.65,86317.93,2022-12-29,14:20:00 UTC,8,23:59:59.734108 UTC,560
817,817,5,43,PF,2021-11-25,41127.4,41896.73,2022-12-29,15:41:00 UTC,2,23:59:59.306737 UTC,560
309,309,5,50,PF,2015-07-15,14816.41,15334.76,2022-12-29,11:21:00 UTC,8,23:36:48 UTC,560
516,516,5,50,PF,2019-09-19,335.99,349.48,2022-12-30,15:25:00 UTC,4,00:00:00.409004 UTC,559
613,613,5,50,PF,2017-10-24,18773.49,18763.11,2022-05-13,13:13:00 UTC,6,03:12:29 UTC,790
810,810,5,50,PF,2017-07-07,635.03,918.39,2022-12-29,15:17:00 UTC,7,23:59:49 UTC,560
939,939,5,50,PF,2022-12-13,822.83,809.35,2022-12-30,13:16:00 UTC,1,00:00:00.151225 UTC,559
975,975,5,50,PF,2021-03-18,20.86,46.71,2022-12-30,14:58:00 UTC,3,00:00:00.328832 UTC,559
192,192,5,52,PF,2015-09-27,92644.5,96197.79,2022-12-30,11:21:00 UTC,8,00:00:00.752528 UTC,559
450,450,5,52,PF,2019-04-01,18485.22,17763.99,2022-11-30,12:40:00 UTC,5,19:32:43 UTC,589
611,611,5,52,PF,2019-08-06,35913.29,33542.41,2022-12-29,14:42:00 UTC,4,14:27:05 UTC,560
725,725,5,52,PF,2020-01-11,116.37,20.83,2022-12-29,14:13:00 UTC,4,23:59:59.912766 UTC,560
651,651,5,55,PF,2016-07-14,43605.49,44909.55,2021-08-23,12:22:00 UTC,7,12:42:40 UTC,1053
779,779,5,55,PF,2014-04-15,3915.34,4232.93,2021-03-27,11:46:00 UTC,10,08:36:14 UTC,1202
837,837,5,55,PF,2014-03-18,18181.17,16654.64,2020-05-26,10:30:00 UTC,10,22:47:20 UTC,1507
327,327,5,59,PF,2021-10-08,12913.3,12434.7,2022-12-29,11:35:00 UTC,2,23:59:59.770314 UTC,560
388,388,5,59,PF,2017-02-14,14348.66,13919.02,2022-12-24,12:43:00 UTC,7,14:10:53 UTC,565
462,462,5,59,PF,2016-11-19,400.81,340.18,2019-12-29,13:53:00 UTC,7,08:22:09 UTC,1656
485,485,5,59,PF,2017-09-23,21129.43,19292.72,2022-07-07,11:16:00 UTC,6,06:04:30 UTC,735
786,786,5,59,PF,2019-01-21,25708.99,24386.97,2022-12-30,14:29:00 UTC,5,00:00:00.091285 UTC,559
790,790,5,59,PF,2014-07-03,8696.47,8079.57,2021-09-20,16:49:00 UTC,10,23:50:12 UTC,1025
862,862,5,59,PF,2017-11-07,57375.23,54060.36,2022-12-25,11:35:00 UTC,6,14:04:09 UTC,564
926,926,5,59,PF,2018-05-03,58479.78,53607.32,2022-12-27,15:18:00 UTC,6,06:03:23 UTC,562
370,370,5,60,PF,2022-07-08,370.37,308.99,2022-12-29,13:14:00 UTC,2,23:59:59.788932 UTC,560
484,484,5,60,PF,2021-07-01,158638.33,148919.1,2022-12-29,12:51:00 UTC,3,23:59:59.668365 UTC,560
676,676,5,60,PF,2016-04-25,7591.33,6859.66,2018-10-13,15:44:00 UTC,8,12:34:22 UTC,2098
820,820,5,60,PF,2017-05-04,4803.1,4043.63,2022-12-29,12:48:00 UTC,7,23:59:59 UTC,560
237,237,5,76,PF,2021-07-28,230.83,197.93,2022-12-29,11:45:00 UTC,2,23:59:59.348435 UTC,560
340,340,5,76,PF,2022-02-15,68771.11,65285.17,2022-12-29,12:44:00 UTC,2,23:59:59.219102 UTC,560
29,29,5,92,PF,2015-07-27,33.4,26.34,2022-12-30,11:08:00 UTC,8,00:00:00.324619 UTC,559
72,72,5,92,PF,2019-04-07,27508.06,24529.73,2022-12-29,15:08:00 UTC,5,23:59:59.764744 UTC,560
76,76,5,92,PF,2015-11-06,330.34,294.93,2022-12-29,15:36:00 UTC,8,23:59:59.429706 UTC,560
127,127,5,92,PF,2014-04-15,111063.22,109931.6,2017-12-18,10:06:00 UTC,10,21:50:39 UTC,2397
234,234,5,92,PF,2021-03-08,2649.29,2269.76,2022-12-30,13:43:00 UTC,3,00:00:00.97399 UTC,559
387,387,5,92,PF,2014-02-08,47010.33,43828.91,2022-12-30,13:28:00 UTC,10,00:00:00.360945 UTC,559
597,597,5,92,PF,2019-06-19,106127.15,108338.43,2022-12-29,12:21:00 UTC,5,23:59:59.568438 UTC,560
405,405,6,2,PF,2021-11-17,429.43,275.21,2022-12-30,15:03:00 UTC,2,00:00:00.962089 UTC,559
440,440,6,2,PF,2022-03-02,1333.13,1062.26,2022-12-29,11:10:00 UTC,2,23:59:59.640396 UTC,560
612,612,6,2,PF,2017-02-05,12974.97,13553.67,2022-12-29,12:35:00 UTC,7,23:59:59.409272 UTC,560
870,870,6,2,PF,2017-12-20,51333.78,48084.3,2022-12-13,11:12:00 UTC,6,18:36:48 UTC,576
2,2,6,16,PF,2020-03-27,59.28,12.72,2022-12-30,13:05:00 UTC,4,00:00:00.071193 UTC,559
33,33,6,16,PF,2016-11-10,11565.98,10887.28,2022-12-30,13:52:00 UTC,7,00:00:00.750304 UTC,559
64,64,6,16,PF,2016-04-18,6246.97,6501.51,2022-02-07,15:57:00 UTC,8,08:57:18 UTC,885
427,427,6,16,PF,2019-02-18,8085.96,7760.45,2022-03-04,14:37:00 UTC,5,15:00:08 UTC,860
641,641,6,16,PF,2019-12-07,1.31,744.27,2022-12-29,13:32:00 UTC,4,23:59:59.205176 UTC,560
856,856,6,16,PF,2015-06-24,11790.66,10831.83,2022-12-29,15:02:00 UTC,9,23:40:08 UTC,560
889,889,6,16,PF,2022-11-20,828.41,786.36,2022-12-30,14:49:00 UTC,1,00:00:00.463347 UTC,559
24,24,6,17,PF,2018-06-10,35486.75,34541.16,2022-12-30,11:18:00 UTC,6,00:00:00.324887 UTC,559
172,172,6,17,PF,2020-06-20,24099.87,24708.18,2022-12-29,15:24:00 UTC,4,23:54:14 UTC,560
332,332,6,17,PF,2020-09-10,85186.37,83239.81,2022-12-30,11:54:00 UTC,3,00:00:00.136318 UTC,559
578,578,6,17,PF,2021-02-03,19177.22,18603.7,2022-12-30,14:52:00 UTC,3,00:00:00.50693 UTC,559
819,819,6,17,PF,2022-08-02,54632.65,56789.22,2022-12-30,11:24:00 UTC,1,00:00:00.774919 UTC,559
163,163,6,29,PF,2020-07-26,16598.96,15220.77,2022-12-29,14:45:00 UTC,3,23:59:59.547366 UTC,560
169,169,6,29,PF,2015-07-01,25114.2,25729.27,2022-10-24,13:19:00 UTC,9,05:07:23 UTC,626
365,365,6,29,PF,2020-03-11,341020.82,333783.57,2022-12-29,13:52:00 UTC,4,13:45:03 UTC,560
449,449,6,29,PF,2017-11-10,532.3,438.38,2022-12-29,12:04:00 UTC,6,23:59:59.762018 UTC,560
706,706,6,29,PF,2019-01-10,1624.15,1231.68,2022-12-30,15:36:00 UTC,5,00:00:00.678695 UTC,559
935,935,6,29,PF,2018-03-22,327.51,186.16,2022-12-30,15:23:00 UTC,6,00:00:00.640178 UTC,559
958,958,6,29,PF,2018-10-09,10828.38,8596.76,2022-12-22,15:05:00 UTC,5,00:14:33 UTC,567
763,763,6,44,PF,2016-10-19,2213.52,2061.36,2022-12-27,14:58:00 UTC,7,22:47:18 UTC,562
107,107,6,53,PF,2020-04-19,273.68,160.81,2022-09-08,12:09:00 UTC,4,22:01:13 UTC,672
211,211,6,53,PF,2021-03-10,40789.45,41996.88,2022-12-30,12:41:00 UTC,3,00:00:00.75253 UTC,559
518,518,6,53,PF,2015-10-03,9879.86,9275.92,2022-12-29,14:31:00 UTC,8,23:59:50 UTC,560
785,785,6,53,PF,2021-03-15,666.87,524.2,2022-12-30,15:01:00 UTC,3,00:00:00 UTC,559
48,48,6,54,PF,2019-03-09,2545.29,2366.42,2022-12-29,16:19:00 UTC,5,23:59:59 UTC,560
452,452,6,54,PF,2020-07-18,159474.24,146962.43,2022-12-29,11:22:00 UTC,3,23:59:59.577003 UTC,560
643,643,6,54,PF,2022-03-26,32.82,37.67,2022-12-29,10:46:00 UTC,2,23:59:59.901664 UTC,560
381,381,6,66,PF,2016-10-21,14217.1,12694.71,2022-12-05,15:50:00 UTC,7,19:35:29 UTC,584
513,513,6,66,PF,2021-07-01,13393.13,13010.52,2022-12-30,11:43:00 UTC,3,00:00:00.909153 UTC,559
742,742,6,66,PF,2019-05-17,1612.41,1498.33,2022-11-30,15:36:00 UTC,5,22:26:57 UTC,589
206,206,6,87,PF,2018-01-05,19807.66,19957.4,2022-06-29,16:28:00 UTC,6,23:00:58 UTC,743
217,217,6,87,PF,2018-09-05,1918.21,1807.49,2022-12-30,14:44:00 UTC,5,00:00:00.245138 UTC,559
316,316,6,87,PF,2018-01-23,29713.0,30107.64,2022-12-29,15:29:00 UTC,6,23:59:59.123017 UTC,560
377,377,6,87,PF,2016-12-15,16675.08,15678.09,2022-12-29,15:58:00 UTC,7,23:59:59.570142 UTC,560
610,610,6,87,PF,2020-11-01,1658.48,1592.91,2022-12-29,14:28:00 UTC,3,23:59:59.05012 UTC,560
733,733,6,87,PF,2020-09-26,340.4,253.59,2022-06-01,10:37:00 UTC,3,14:56:47 UTC,771
932,932,6,87,PF,2015-06-21,11546.25,11282.89,2022-12-29,12:06:00 UTC,9,23:59:59.867681 UTC,560
249,249,6,93,PF,2019-01-10,715.5,659.2,2022-12-16,14:25:00 UTC,5,21:22:34 UTC,573
386,386,6,93,PF,2018-11-03,39716.58,36353.97,2020-12-29,12:58:00 UTC,5,13:32:54 UTC,1290
590,590,6,93,PF,2018-10-09,33128.77,29602.17,2022-12-29,11:33:00 UTC,5,23:59:59.140697 UTC,560
720,720,6,93,PF,2021-03-23,4125.0,3729.58,2022-12-29,10:56:00 UTC,3,23:59:59.313784 UTC,560
871,871,6,93,PF,2022-08-22,93.76,31.7,2022-12-29,14:00:00 UTC,1,23:59:59.070331 UTC,560
956,956,6,93,PF,2017-07-11,1352.76,842.29,2022-12-29,15:45:00 UTC,7,23:59:59.244944 UTC,560
35,35,6,97,PF,2015-09-11,47696.28,44817.87,2022-09-03,12:06:00 UTC,8,01:15:46 UTC,677
109,109,6,97,PF,2022-03-16,35.22,21.66,2022-12-30,13:53:00 UTC,2,00:00:00.141983 UTC,559
255,255,6,97,PF,2022-10-10,9955.43,9653.13,2022-12-30,10:25:00 UTC,1,00:00:00.544877 UTC,559
320,320,6,97,PF,2017-08-26,37.83,19.21,2022-12-30,13:14:00 UTC,6,00:00:00.752502 UTC,559
540,540,6,97,PF,2018-12-07,19180.56,18481.9,2021-08-19,16:22:00 UTC,5,04:14:57 UTC,1057
15,15,7,20,PF,2022-09-11,2647.6,3218.29,2022-12-30,15:51:00 UTC,1,00:00:00.679061 UTC,559
16,16,7,20,PF,2018-04-20,2065.38,2132.85,2022-12-29,12:01:00 UTC,6,23:35:48 UTC,560
17,17,7,20,PF,2020-03-12,326.41,237.6,2022-12-29,12:51:00 UTC,4,23:59:59.64537 UTC,560
22,22,7,20,PF,2020-11-14,161.32,103.16,2022-12-30,11:11:00 UTC,3,00:00:00.984558 UTC,559
31,31,7,20,PF,2016-09-25,21553.25,20280.68,2022-05-07,14:39:00 UTC,7,22:35:02 UTC,796
52,52,7,20,PF,2022-08-14,22026.2,17655.11,2022-12-29,15:20:00 UTC,1,23:59:59.006537 UTC,560
59,59,7,20,PF,2017-03-10,796.55,764.36,2022-10-11,12:19:00 UTC,7,12:56:13 UTC,639
61,61,7,20,PF,2015-11-19,361.86,241.98,2022-12-29,15:34:00 UTC,8,23:30:58 UTC,560
74,74,7,20,PF,2016-07-26,125.97,47.88,2022-12-29,10:37:00 UTC,7,10:20:39 UTC,560
84,84,7,20,PF,2021-05-18,36568.16,33313.75,2022-12-28,13:34:00 UTC,3,18:00:21 UTC,561
92,92,7,20,PF,2017-02-03,4.74,96.52,2019-07-30,15:31:00 UTC,7,03:31:10 UTC,1808
112,112,7,20,PF,2021-07-11,43416.76,42606.49,2022-12-30,12:15:00 UTC,3,00:00:00.403303 UTC,559
114,114,7,20,PF,2022-11-11,3760.2,17418.36,2022-12-30,11:04:00 UTC,1,00:00:00.855203 UTC,559
131,131,7,20,PF,2022-03-07,36.8,822.97,2022-12-29,10:12:00 UTC,2,23:59:59.668242 UTC,560
160,160,7,20,PF,2019-11-02,723.93,702.08,2022-12-30,16:31:00 UTC,4,00:00:00.272893 UTC,559
210,210,7,20,PF,2018-11-15,97.46,67.79,2022-12-29,14:36:00 UTC,5,19:24:01 UTC,560
220,220,7,20,PF,2017-08-17,400725.03,377919.46,2022-05-11,11:51:00 UTC,6,15:01:12 UTC,792
227,227,7,20,PF,2022-12-27,9071.87,8827.14,2022-12-30,13:30:00 UTC,1,00:00:00.577376 UTC,559
239,239,7,20,PF,2017-02-25,20825.14,21003.24,2022-09-25,16:31:00 UTC,7,01:03:58 UTC,655
241,241,7,20,PF,2021-02-26,7555.26,6136.91,2022-12-29,12:19:00 UTC,3,23:59:59.851594 UTC,560
265,265,7,20,PF,2019-06-05,36319.33,34565.51,2022-12-29,11:17:00 UTC,5,23:50:17 UTC,560
266,266,7,20,PF,2016-09-15,25309.07,23006.93,2021-10-10,11:01:00 UTC,7,12:19:52 UTC,1005
270,270,7,20,PF,2019-09-05,22222.92,21620.27,2022-12-30,16:38:00 UTC,4,00:00:00.604683 UTC,559
285,285,7,20,PF,2017-08-06,13532.3,12467.51,2022-12-30,13:36:00 UTC,6,00:00:00.725196 UTC,559
295,295,7,20,PF,2017-07-13,11694.36,11614.69,2022-12-24,13:27:00 UTC,6,17:23:35 UTC,565
299,299,7,20,PF,2022-05-02,47.74,2.57,2022-12-30,12:39:00 UTC,2,00:00:00.280458 UTC,559
300,300,7,20,PF,2021-06-24,368.99,354.6,2022-12-29,15:39:00 UTC,3,23:59:59.045471 UTC,560
339,339,7,20,PF,2019-10-13,24710.69,22194.86,2022-12-29,15:10:00 UTC,4,23:59:59.253001 UTC,560
351,351,7,20,PF,2020-08-19,404.95,253.86,2022-12-29,16:52:00 UTC,3,23:59:59.487488 UTC,560
353,353,7,20,PF,2021-10-19,10744.8,10071.98,2022-12-29,12:13:00 UTC,2,23:59:59.642663 UTC,560
354,354,7,20,PF,2020-02-24,26258.02,24081.21,2022-12-29,15:41:00 UTC,4,23:59:59.550399 UTC,560
358,358,7,20,PF,2019-03-15,38618.04,36812.24,2022-12-30,15:56:00 UTC,5,00:00:00.67282 UTC,559
362,362,7,20,PF,2019-11-09,53389.32,51760.47,2022-12-30,10:52:00 UTC,4,00:00:00.027547 UTC,559
393,393,7,20,PF,2022-10-27,14967.48,13695.14,2022-12-30,16:27:00 UTC,1,00:00:00.953339 UTC,559
394,394,7,20,PF,2016-12-21,25574.68,25979.61,2022-09-04,13:31:00 UTC,7,14:21:39 UTC,676
399,399,7,20,PF,2018-09-23,30431.92,28423.39,2022-12-30,16:32:00 UTC,5,00:00:00.617979 UTC,559
402,402,7,20,PF,2021-07-15,57385.86,54610.49,2022-12-30,12:44:00 UTC,2,00:00:00.233882 UTC,559
424,424,7,20,PF,2022-02-10,96353.49,88192.7,2022-12-29,12:31:00 UTC,2,23:59:59.736308 UTC,560
434,434,7,20,PF,2021-08-02,324.06,945.62,2022-11-09,15:38:00 UTC,2,14:01:03 UTC,610
442,442,7,20,PF,2022-12-17,22957.82,20014.45,2023-01-15,13:24:00 UTC,1,15:57:23.427556 UTC,543
446,446,7,20,PF,2015-10-08,4383.79,3850.53,2022-03-14,13:35:00 UTC,8,22:14:51 UTC,850
492,492,7,20,PF,2016-06-17,262.46,239.8,2022-12-30,11:48:00 UTC,8,00:00:00.949544 UTC,559
499,499,7,20,PF,2022-11-07,135452.03,130201.51,2022-12-29,11:37:00 UTC,1,23:59:59.934531 UTC,560
531,531,7,20,PF,2020-04-17,922.64,579.95,2022-12-10,13:12:00 UTC,4,10:44:24 UTC,579
544,544,7,20,PF,2018-09-08,83742.51,82074.95,2022-07-01,12:35:00 UTC,5,14:59:44 UTC,741
553,553,7,20,PF,2017-10-25,27282.17,26909.57,2022-12-29,12:12:00 UTC,6,23:04:30 UTC,560
586,586,7,20,PF,2021-04-18,85580.49,84678.16,2022-12-29,11:35:00 UTC,3,23:59:59.71737 UTC,560
587,587,7,20,PF,2019-09-06,45734.28,21792.21,2022-12-29,15:59:00 UTC,4,23:59:59.766139 UTC,560
596,596,7,20,PF,2022-08-06,766.1,689.65,2022-12-29,13:27:00 UTC,1,23:59:59.965911 UTC,560
601,601,7,20,PF,2019-06-24,55381.31,50163.84,2022-12-29,10:12:00 UTC,5,23:59:58 UTC,560
626,626,7,20,PF,2022-07-25,27364.75,25670.85,2022-12-29,10:12:00 UTC,1,23:59:59.700666 UTC,560
634,634,7,20,PF,2021-07-02,48.63,21.57,2022-12-30,13:31:00 UTC,3,00:00:00.099734 UTC,559
662,662,7,20,PF,2022-12-15,25648.76,24995.14,2022-12-31,12:50:00 UTC,1,03:13:47.434674 UTC,558
678,678,7,20,PF,2016-06-06,9935.51,9839.71,2021-12-12,12:17:00 UTC,8,12:27:17 UTC,942
679,679,7,20,PF,2019-01-08,8394.09,8519.33,2022-06-30,15:11:00 UTC,5,10:11:49 UTC,742
704,704,7,20,PF,2021-10-11,16362.5,15714.77,2022-12-29,14:10:00 UTC,2,23:38:42 UTC,560
712,712,7,20,PF,2019-06-16,34828.1,45918.69,2022-12-29,12:47:00 UTC,5,23:56:56 UTC,560
718,718,7,20,PF,2018-03-09,44328.16,40732.59,2022-12-25,14:52:00 UTC,6,21:35:51 UTC,564
730,730,7,20,PF,2019-05-02,29.15,16.43,2022-12-29,11:22:00 UTC,5,23:57:11 UTC,560
773,773,7,20,PF,2018-02-27,4140.31,3896.88,2021-01-08,16:20:00 UTC,6,03:42:17 UTC,1280
789,789,7,20,PF,2021-09-04,1840.62,932.73,2022-12-30,14:30:00 UTC,2,00:00:00.165285 UTC,559
829,829,7,20,PF,2020-04-16,256.76,106.62,2022-12-30,10:33:00 UTC,4,00:00:00.573423 UTC,559
842,842,7,20,PF,2020-10-02,1193.7,1109.88,2022-12-30,10:21:00 UTC,3,00:00:00.848782 UTC,559
868,868,7,20,PF,2022-12-02,443.11,407.87,2022-12-30,13:06:00 UTC,1,00:00:00.944789 UTC,559
887,887,7,20,PF,2021-02-27,17067.48,15458.46,2022-12-30,11:43:00 UTC,3,00:00:00.726093 UTC,559
900,900,7,20,PF,2021-08-06,375.72,71.92,2022-12-30,12:29:00 UTC,2,00:00:00.560008 UTC,559
952,952,7,20,PF,2019-12-04,1104.79,823.3,2022-12-21,12:14:00 UTC,4,04:27:09 UTC,568
977,977,7,20,PF,2018-12-15,1129.52,1012.65,2022-08-11,13:03:00 UTC,5,05:32:58 UTC,700
983,983,7,20,PF,2019-04-15,1415.92,1307.75,2022-12-30,12:52:00 UTC,5,00:00:00.902268 UTC,559
28,28,7,26,PF,2017-04-03,52654.36,50324.19,2019-11-24,16:11:00 UTC,7,06:23:48 UTC,1691
65,65,7,26,PF,2018-08-26,255.26,208.15,2022-06-24,12:33:00 UTC,5,07:04:11 UTC,748
67,67,7,26,PF,2018-05-14,3343.62,3092.46,2022-08-25,13:27:00 UTC,6,23:00:41 UTC,686
78,78,7,26,PF,2019-12-27,5572.91,5007.53,2022-12-30,12:52:00 UTC,4,00:00:00.809693 UTC,559
81,81,7,26,PF,2021-04-03,4317.82,4035.66,2022-12-29,13:18:00 UTC,3,23:55:31 UTC,560
83,83,7,26,PF,2021-10-07,16.12,9550.96,2022-12-29,13:04:00 UTC,2,23:59:59.01211 UTC,560
86,86,7,26,PF,2016-03-05,140.7,180.2,2022-12-29,13:55:00 UTC,8,23:59:59.734403 UTC,560
113,113,7,26,PF,2020-01-07,647.69,30.71,2022-12-30,14:29:00 UTC,4,00:00:00.861205 UTC,559
118,118,7,26,PF,2022-04-14,265.88,244.56,2022-12-29,12:33:00 UTC,2,23:59:59.719978 UTC,560
144,144,7,26,PF,2022-04-06,347.14,885.1,2022-12-29,14:46:00 UTC,2,23:59:59.082654 UTC,560
183,183,7,26,PF,2019-12-19,1028.98,2655.28,2022-05-30,14:01:00 UTC,4,00:01:16 UTC,773
224,224,7,26,PF,2019-09-20,91.82,32.29,2022-12-25,12:30:00 UTC,4,08:00:32 UTC,564
245,245,7,26,PF,2018-06-15,27657.72,26339.26,2022-12-29,11:38:00 UTC,6,23:59:59 UTC,560
246,246,7,26,PF,2019-05-23,73563.28,74061.33,2022-12-29,15:55:00 UTC,5,23:59:59.627232 UTC,560
264,264,7,26,PF,2020-03-19,1065.24,946.8,2022-12-30,14:13:00 UTC,4,00:00:00.735424 UTC,559
274,274,7,26,PF,2018-08-16,105741.37,101639.81,2022-12-30,12:55:00 UTC,5,00:00:00.961613 UTC,559
276,276,7,26,PF,2021-02-03,10241.66,9370.81,2022-12-30,11:25:00 UTC,3,00:00:00 UTC,559
283,283,7,26,PF,2018-10-13,12870.35,12935.61,2020-02-17,12:41:00 UTC,5,20:36:45 UTC,1606
301,301,7,26,PF,2015-10-20,23199.27,21653.35,2018-02-13,13:23:00 UTC,8,22:02:10 UTC,2340
310,310,7,26,PF,2020-11-04,6616.23,6132.56,2022-12-29,13:05:00 UTC,3,23:59:59.317275 UTC,560
317,317,7,26,PF,2020-08-17,5980.91,5950.89,2022-12-30,14:35:00 UTC,3,00:00:00.052211 UTC,559
342,342,7,26,PF,2018-05-18,33695.25,33336.16,2022-12-27,15:37:00 UTC,6,21:36:43 UTC,562
360,360,7,26,PF,2021-08-15,22218.49,20525.77,2022-12-29,11:39:00 UTC,2,23:59:59.867839 UTC,560
385,385,7,26,PF,2018-08-06,12044.82,13802.43,2022-12-27,12:05:00 UTC,5,11:30:13 UTC,562
411,411,7,26,PF,2022-03-10,165559.71,158495.13,2022-12-29,10:33:00 UTC,2,23:59:59.944608 UTC,560
414,414,7,26,PF,2017-04-10,6141.77,5669.23,2020-11-10,14:29:00 UTC,7,03:12:37 UTC,1339
417,417,7,26,PF,2022-10-17,11095.68,9982.92,2022-12-30,13:56:00 UTC,1,00:00:00.800093 UTC,559
421,421,7,26,PF,2020-04-24,466.62,439.1,2022-01-16,10:07:00 UTC,4,13:03:01 UTC,907
433,433,7,26,PF,2021-12-16,815.3,63.93,2022-12-30,11:19:00 UTC,2,00:00:00.875751 UTC,559
437,437,7,26,PF,2022-10-27,742.21,608.31,2022-12-29,11:52:00 UTC,1,23:59:59.69084 UTC,560
457,457,7,26,PF,2017-04-14,3056.27,2809.97,2022-10-24,11:13:00 UTC,7,06:20:14 UTC,626
464,464,7,26,PF,2021-04-20,11680.43,10722.87,2022-12-29,10:09:00 UTC,3,23:59:59.922199 UTC,560
477,477,7,26,PF,2022-08-20,1851.45,1311.39,2022-12-30,14:19:00 UTC,1,00:00:00.000358 UTC,559
491,491,7,26,PF,2020-09-03,34816.11,36237.31,2022-12-29,14:33:00 UTC,3,23:59:59.616802 UTC,560
498,498,7,26,PF,2015-08-25,5685.15,5739.17,2022-04-14,14:46:00 UTC,8,09:59:35 UTC,819
506,506,7,26,PF,2017-11-25,11257.52,11621.17,2022-12-28,16:17:00 UTC,6,21:37:30 UTC,561
521,521,7,26,PF,2022-09-13,248.55,146.28,2022-12-30,13:05:00 UTC,1,00:00:00.093542 UTC,559
527,527,7,26,PF,2015-08-10,151338.39,142774.92,2022-05-07,12:14:00 UTC,8,10:06:41 UTC,796
529,529,7,26,PF,2020-03-23,31630.65,29764.67,2022-12-30,15:22:00 UTC,4,00:00:00.420726 UTC,559
530,530,7,26,PF,2018-02-14,11555.85,11723.3,2020-10-08,12:30:00 UTC,6,18:48:41 UTC,1372
550,550,7,26,PF,2017-06-25,102824.6,95089.16,2022-12-30,15:12:00 UTC,7,00:00:00.450168 UTC,559
552,552,7,26,PF,2018-06-17,31.29,769.68,2022-12-29,14:15:00 UTC,6,23:59:59.668211 UTC,560
573,573,7,26,PF,2021-05-11,830.56,498.36,2022-12-29,15:05:00 UTC,3,23:59:59.304535 UTC,560
579,579,7,26,PF,2018-10-03,7337.75,6816.73,2022-08-12,16:00:00 UTC,5,08:56:55 UTC,699
581,581,7,26,PF,2017-07-06,8627.61,7873.11,2020-12-16,11:09:00 UTC,7,07:28:46 UTC,1303
588,588,7,26,PF,2019-09-07,6797.46,6144.82,2022-12-30,15:19:00 UTC,4,00:00:00.738262 UTC,559
622,622,7,26,PF,2018-01-24,2143.14,1912.43,2022-12-30,14:45:00 UTC,6,00:00:00 UTC,559
628,628,7,26,PF,2020-07-08,85151.42,84354.36,2022-12-30,10:33:00 UTC,4,00:00:00.579349 UTC,559
636,636,7,26,PF,2016-12-26,7746.56,7061.73,2020-04-17,15:16:00 UTC,7,16:03:00 UTC,1546
637,637,7,26,PF,2017-03-05,3806.22,3668.45,2021-07-18,16:46:00 UTC,7,20:15:52 UTC,1089
646,646,7,26,PF,2018-08-15,45815.84,44858.96,2022-12-29,15:30:00 UTC,5,23:59:51 UTC,560
649,649,7,26,PF,2016-04-11,21961.58,22871.31,2021-11-14,13:35:00 UTC,8,03:58:03 UTC,970
650,650,7,26,PF,2022-07-12,7.04,684.28,2022-12-30,13:16:00 UTC,1,00:00:00.047577 UTC,559
674,674,7,26,PF,2021-02-10,235.97,179.31,2022-12-29,13:27:00 UTC,3,23:59:59.238639 UTC,560
680,680,7,26,PF,2016-08-07,55.69,39.95,2022-10-19,12:18:00 UTC,7,17:49:07 UTC,631
681,681,7,26,PF,2018-07-23,160415.01,90516.74,2022-12-30,13:19:00 UTC,5,00:00:00.936138 UTC,559
690,690,7,26,PF,2022-02-27,27760.7,28603.2,2022-12-29,14:01:00 UTC,2,23:59:59.652586 UTC,560
691,691,7,26,PF,2020-07-15,107912.57,101404.81,2022-05-08,16:46:00 UTC,3,08:59:54 UTC,795
716,716,7,26,PF,2019-05-02,427.16,228.04,2022-12-29,16:21:00 UTC,5,23:59:39 UTC,560
728,728,7,26,PF,2020-11-23,19557.77,20119.83,2022-12-29,12:34:00 UTC,3,23:59:59.205189 UTC,560
737,737,7,26,PF,2021-01-28,901.6,2456.42,2022-12-29,14:26:00 UTC,3,23:59:59.840133 UTC,560
761,761,7,26,PF,2016-06-07,9.27,1232.1,2022-12-30,15:04:00 UTC,8,00:00:00.119507 UTC,559
771,771,7,26,PF,2020-01-16,92428.74,97788.51,2022-12-29,12:55:00 UTC,4,23:59:59.687011 UTC,560
782,782,7,26,PF,2019-01-10,35279.74,32124.63,2022-02-19,11:19:00 UTC,5,07:16:19 UTC,873
783,783,7,26,PF,2015-09-21,41501.58,37538.71,2019-01-07,11:35:00 UTC,8,19:33:10 UTC,2012
794,794,7,26,PF,2019-11-14,996.41,938.79,2022-12-29,11:15:00 UTC,4,23:56:29 UTC,560
807,807,7,26,PF,2022-07-28,50704.86,51891.35,2022-12-30,16:18:00 UTC,1,00:00:00.592089 UTC,559
836,836,7,26,PF,2022-08-23,419.59,370.66,2022-12-30,11:20:00 UTC,1,00:00:00.462972 UTC,559
849,849,7,26,PF,2021-06-05,5047.48,5126.29,2022-12-30,11:43:00 UTC,3,00:00:00.659239 UTC,559
864,864,7,26,PF,2017-04-28,12665.79,13352.69,2022-01-05,15:30:00 UTC,7,17:26:55 UTC,918
902,902,7,26,PF,2018-03-17,1374.98,1311.14,2022-12-29,15:41:00 UTC,6,23:33:50 UTC,560
912,912,7,26,PF,2020-07-16,23870.49,24429.25,2022-12-29,12:22:00 UTC,3,23:59:59.389408 UTC,560
941,941,7,26,PF,2022-05-22,272.64,47.3,2022-12-30,12:02:00 UTC,2,00:00:00.400207 UTC,559
946,946,7,26,PF,2016-03-05,379.39,239.8,2022-12-26,10:07:00 UTC,8,20:25:06 UTC,563
968,968,7,26,PF,2018-02-01,170.82,96.02,2022-12-30,16:14:00 UTC,6,00:00:00.714991 UTC,559
971,971,7,26,PF,2021-02-12,18364.65,16534.76,2022-12-30,12:24:00 UTC,3,00:00:00.373015 UTC,559
979,979,7,26,PF,2018-03-09,33568.81,30770.18,2022-10-19,16:27:00 UTC,6,19:23:43 UTC,631
981,981,7,26,PF,2021-09-13,824.66,328.66,2022-12-29,14:38:00 UTC,2,23:59:59.232516 UTC,560
982,982,7,26,PF,2019-11-25,92.57,29.6,2022-12-29,11:04:00 UTC,4,23:59:59.062577 UTC,560
984,984,7,26,PF,2016-12-15,9173.72,8208.76,2022-12-29,12:04:00 UTC,7,23:59:59.205493 UTC,560
991,991,7,26,PF,2019-02-14,14.08,3.53,2022-12-29,13:36:00 UTC,5,23:57:35 UTC,560
995,995,7,26,PF,2021-02-06,872.16,801.72,2022-12-30,13:22:00 UTC,3,00:00:00.165332 UTC,559
996,996,7,26,PF,2017-02-20,37556.42,34524.93,2022-12-29,14:29:00 UTC,7,23:59:59.192225 UTC,560
997,997,7,26,PF,2020-11-20,88.69,84.08,2022-12-29,13:29:00 UTC,3,23:59:59.374137 UTC,560
8,8,7,48,PF,2021-08-13,1238.66,1054.95,2022-12-30,11:07:00 UTC,2,00:00:00.045457 UTC,559
18,18,7,48,PF,2021-07-18,226548.63,217787.98,2022-12-30,15:07:00 UTC,2,00:00:00.494383 UTC,559
54,54,7,48,PF,2017-09-08,30239.92,30255.81,2022-12-29,12:55:00 UTC,6,23:59:59.04732 UTC,560
77,77,7,48,PF,2019-02-01,415.61,349.81,2022-12-29,13:17:00 UTC,5,18:22:35 UTC,560
87,87,7,48,PF,2020-07-08,35777.78,34063.46,2022-12-30,14:09:00 UTC,4,00:00:00.140185 UTC,559
97,97,7,48,PF,2021-09-28,46143.09,46508.29,2022-12-30,14:36:00 UTC,2,00:00:00.234617 UTC,559
105,105,7,48,PF,2018-11-27,34360.53,32440.67,2022-12-30,15:02:00 UTC,5,00:00:00.472328 UTC,559
124,124,7,48,PF,2021-03-27,2933.24,2862.07,2022-12-30,14:20:00 UTC,3,00:00:00.089132 UTC,559
130,130,7,48,PF,2019-11-15,487.23,729.13,2022-12-29,10:31:00 UTC,4,23:59:59.154984 UTC,560
139,139,7,48,PF,2016-09-23,437.81,401.65,2022-10-31,14:05:00 UTC,7,06:36:34 UTC,619
143,143,7,48,PF,2020-04-19,2958.6,2772.6,2022-12-30,13:29:00 UTC,4,00:00:00.1751 UTC,559
149,149,7,48,PF,2020-06-25,21312.0,19341.19,2022-12-29,12:32:00 UTC,4,23:59:59.32956 UTC,560
178,178,7,48,PF,2020-07-17,24518.92,23767.6,2022-12-29,16:24:00 UTC,3,23:59:59.861661 UTC,560
197,197,7,48,PF,2020-09-26,198787.4,181219.01,2022-12-29,12:01:00 UTC,3,23:59:59.717134 UTC,560
202,202,7,48,PF,2016-04-22,19693.78,17714.93,2022-12-29,11:19:00 UTC,8,23:59:59.959341 UTC,560
216,216,7,48,PF,2019-12-06,75578.5,74679.17,2022-12-30,11:03:00 UTC,4,00:00:00.805063 UTC,559
226,226,7,48,PF,2017-01-14,30179.97,27655.51,2022-12-29,11:27:00 UTC,7,23:59:59.118784 UTC,560
228,228,7,48,PF,2022-03-04,78851.94,82933.8,2022-12-29,13:41:00 UTC,2,23:59:59.82221 UTC,560
271,271,7,48,PF,2020-12-02,72928.57,71467.54,2022-12-29,12:41:00 UTC,3,23:59:59.892527 UTC,560
297,297,7,48,PF,2018-08-11,925.88,879.13,2020-03-20,13:45:00 UTC,5,05:25:01 UTC,1574
307,307,7,48,PF,2017-02-10,95.07,72.72,2022-12-29,16:42:00 UTC,7,23:59:50 UTC,560
319,319,7,48,PF,2021-08-18,62237.18,64114.92,2022-12-29,15:41:00 UTC,2,23:59:59.733003 UTC,560
341,341,7,48,PF,2016-04-12,9032.98,7596.0,2022-12-29,12:25:00 UTC,8,08:28:05 UTC,560
352,352,7,48,PF,2022-06-05,25597.94,24148.99,2022-12-29,14:12:00 UTC,2,23:59:59.631499 UTC,560
380,380,7,48,PF,2015-10-25,28308.88,29778.26,2022-12-29,15:27:00 UTC,8,22:26:11 UTC,560
389,389,7,48,PF,2021-12-13,101.15,98.44,2022-12-29,13:02:00 UTC,2,23:59:59.261739 UTC,560
398,398,7,48,PF,2022-02-16,87.64,71.32,2022-12-30,14:30:00 UTC,2,00:00:00.412707 UTC,559
418,418,7,48,PF,2016-05-12,26645.94,27003.54,2021-03-23,12:48:00 UTC,8,08:48:36 UTC,1206
422,422,7,48,PF,2022-11-27,188.43,101.76,2022-12-29,13:46:00 UTC,1,23:59:59.967295 UTC,560
438,438,7,48,PF,2017-06-10,11894.96,10485.76,2022-11-27,14:28:00 UTC,7,10:34:00 UTC,592
459,459,7,48,PF,2019-11-05,124.79,74.03,2022-09-12,10:33:00 UTC,4,07:13:55 UTC,668
479,479,7,48,PF,2022-09-27,328.57,290.31,2022-12-30,11:03:00 UTC,1,00:00:00.247874 UTC,559
487,487,7,48,PF,2019-07-08,32798.23,30920.12,2022-12-29,15:16:00 UTC,5,23:59:59.421768 UTC,560
490,490,7,48,PF,2021-06-07,3991.06,3463.56,2022-12-29,10:30:00 UTC,3,23:59:59.395256 UTC,560
500,500,7,48,PF,2016-11-20,11679.79,10787.5,2018-03-17,13:28:00 UTC,7,00:50:02 UTC,2308
537,537,7,48,PF,2020-02-02,6522.84,6180.0,2022-12-29,16:09:00 UTC,4,23:59:19 UTC,560
543,543,7,48,PF,2017-07-05,4106.56,3765.36,2022-12-29,15:58:00 UTC,7,23:59:59.928113 UTC,560
549,549,7,48,PF,2019-06-22,1106.77,609.15,2021-06-22,15:37:00 UTC,5,14:14:44 UTC,1115
554,554,7,48,PF,2022-06-02,20.31,187.92,2022-12-29,15:03:00 UTC,2,23:59:59.858781 UTC,560
577,577,7,48,PF,2016-03-15,17829.87,16712.74,2020-01-24,16:07:00 UTC,8,06:19:25 UTC,1630
606,606,7,48,PF,2021-06-18,1239.81,1161.93,2022-12-29,14:14:00 UTC,3,23:59:59.61666 UTC,560
625,625,7,48,PF,2021-01-09,10787.12,9793.87,2022-12-30,11:36:00 UTC,3,00:00:00.894665 UTC,559
647,647,7,48,PF,2018-12-19,143.43,118.65,2021-11-07,13:08:00 UTC,5,20:51:03 UTC,977
685,685,7,48,PF,2021-02-27,56057.11,53350.32,2022-12-29,15:29:00 UTC,3,23:55:37 UTC,560
687,687,7,48,PF,2021-12-14,44954.05,42763.73,2022-12-29,10:04:00 UTC,2,23:59:59.761148 UTC,560
698,698,7,48,PF,2018-08-14,52949.88,49952.45,2022-12-29,15:16:00 UTC,5,23:59:59.584934 UTC,560
710,710,7,48,PF,2019-06-26,3706.83,3069.41,2022-09-27,12:44:00 UTC,5,22:56:46 UTC,653
732,732,7,48,PF,2018-07-26,26142.37,26741.5,2022-12-29,14:07:00 UTC,5,22:57:44 UTC,560
755,755,7,48,PF,2019-05-27,48347.01,45095.63,2022-12-29,13:47:00 UTC,5,23:59:59.120822 UTC,560
756,756,7,48,PF,2021-01-16,11326.05,11697.77,2022-12-30,12:06:00 UTC,3,00:00:00.894387 UTC,559
769,769,7,48,PF,2017-01-07,3666.87,3430.07,2022-08-29,14:53:00 UTC,7,02:51:43 UTC,682
787,787,7,48,PF,2017-10-10,109334.01,103374.03,2022-12-29,12:04:00 UTC,6,23:59:59.897455 UTC,560
796,796,7,48,PF,2019-11-08,5281.92,5077.32,2022-11-30,15:59:00 UTC,4,08:27:05 UTC,589
802,802,7,48,PF,2015-11-05,32374.37,29643.65,2019-03-14,11:08:00 UTC,8,13:46:53 UTC,1946
824,824,7,48,PF,2016-01-07,18454.71,19004.63,2017-05-11,12:26:00 UTC,8,03:33:48 UTC,2618
839,839,7,48,PF,2017-01-02,14016.34,14495.29,2019-10-04,12:37:00 UTC,7,10:15:58 UTC,1742
855,855,7,48,PF,2017-02-25,48777.11,44463.94,2022-12-29,13:28:00 UTC,7,23:59:59.12807 UTC,560
880,880,7,48,PF,2017-06-06,20335.09,18485.37,2022-12-30,14:49:00 UTC,7,00:00:00.847649 UTC,559
883,883,7,48,PF,2015-09-05,29382.13,28322.77,2017-05-01,16:18:00 UTC,8,11:52:54 UTC,2628
937,937,7,48,PF,2022-06-16,1659.43,1094.97,2022-12-29,11:01:00 UTC,2,23:59:59.334982 UTC,560
967,967,7,48,PF,2016-02-21,62645.78,61092.73,2021-05-01,14:33:00 UTC,8,18:32:58 UTC,1167
37,37,7,64,PF,2022-07-03,352.04,328.26,2022-12-30,16:07:00 UTC,2,00:00:00.548502 UTC,559
47,47,7,64,PF,2021-12-07,37349.64,35527.59,2022-12-29,11:46:00 UTC,2,23:59:59.13653 UTC,560
82,82,7,64,PF,2019-07-03,2813.93,2530.1,2021-01-31,13:17:00 UTC,5,15:14:12 UTC,1257
89,89,7,64,PF,2021-08-26,69758.36,71055.33,2022-12-29,13:23:00 UTC,2,23:59:59.589585 UTC,560
103,103,7,64,PF,2018-05-25,38172.35,49975.53,2022-12-25,13:51:00 UTC,6,01:32:24 UTC,564
126,126,7,64,PF,2017-07-25,57292.05,52158.79,2022-05-19,12:04:00 UTC,6,21:41:47 UTC,784
142,142,7,64,PF,2021-10-04,229.99,370.3,2022-12-29,15:56:00 UTC,2,23:55:11 UTC,560
165,165,7,64,PF,2020-01-23,9170.93,8355.74,2022-12-30,12:15:00 UTC,4,00:00:00.817421 UTC,559
167,167,7,64,PF,2021-08-21,132218.81,121260.38,2022-12-29,14:10:00 UTC,2,23:59:59.968117 UTC,560
213,213,7,64,PF,2019-08-18,60366.02,55301.67,2022-12-30,11:33:00 UTC,4,00:00:00.30342 UTC,559
225,225,7,64,PF,2020-08-18,419923.18,411617.06,2022-12-30,14:58:00 UTC,3,00:00:00.269647 UTC,559
240,240,7,64,PF,2021-03-16,6642.56,6437.99,2022-12-29,14:29:00 UTC,3,23:59:59.51902 UTC,560
261,261,7,64,PF,2015-09-20,40119.08,38945.43,2022-12-29,12:35:00 UTC,8,23:44:39 UTC,560
263,263,7,64,PF,2017-12-27,14228.49,14502.43,2022-12-30,13:22:00 UTC,6,00:00:00.617224 UTC,559
267,267,7,64,PF,2022-09-12,15860.2,15184.19,2022-12-30,11:33:00 UTC,1,00:00:00.444154 UTC,559
289,289,7,64,PF,2022-12-11,392.81,392.94,2022-12-29,14:34:00 UTC,1,23:59:59.132011 UTC,560
292,292,7,64,PF,2015-10-10,134384.26,141742.22,2022-12-25,12:03:00 UTC,8,23:15:34 UTC,564
294,294,7,64,PF,2021-05-13,52858.19,53347.53,2022-12-30,11:44:00 UTC,3,00:00:00.992566 UTC,559
302,302,7,64,PF,2017-01-10,47083.9,43163.7,2021-11-16,13:05:00 UTC,7,14:44:15 UTC,968
303,303,7,64,PF,2017-04-11,59.48,31.21,2021-04-10,13:13:00 UTC,7,22:33:27 UTC,1188
315,315,7,64,PF,2022-12-19,15067.78,14528.58,2022-12-29,14:37:00 UTC,1,23:59:59.317419 UTC,560
329,329,7,64,PF,2019-06-25,22775.06,18148.49,2022-12-30,15:18:00 UTC,5,00:00:00.84273 UTC,559
379,379,7,64,PF,2021-02-21,1110.26,873.6,2022-12-29,13:18:00 UTC,3,23:59:59.357548 UTC,560
412,412,7,64,PF,2020-12-01,299.25,233.56,2022-12-30,14:13:00 UTC,3,00:00:00.335954 UTC,559
423,423,7,64,PF,2017-11-26,7737.6,7639.31,2022-11-13,16:12:00 UTC,6,00:07:27 UTC,606
441,441,7,64,PF,2019-06-05,23947.12,24571.72,2022-12-30,16:33:00 UTC,5,00:00:00.018795 UTC,559
454,454,7,64,PF,2022-09-12,1612.04,1266.84,2022-12-29,13:27:00 UTC,1,23:59:59.804937 UTC,560
461,461,7,64,PF,2021-03-12,472.88,285.26,2022-12-29,15:04:00 UTC,3,23:59:59.315902 UTC,560
482,482,7,64,PF,2019-08-23,67872.97,67382.17,2022-12-26,11:22:00 UTC,4,18:18:07 UTC,563
538,538,7,64,PF,2022-11-25,2676.3,2429.12,2022-12-30,11:24:00 UTC,1,00:00:00.311419 UTC,559
542,542,7,64,PF,2022-06-02,275.73,249.04,2022-12-30,11:54:00 UTC,2,00:00:00.246974 UTC,559
546,546,7,64,PF,2019-12-14,134.74,83.9,2022-12-30,16:56:00 UTC,4,00:00:00.590251 UTC,559
551,551,7,64,PF,2018-03-13,30963.52,28648.37,2022-12-26,11:48:00 UTC,6,11:10:19 UTC,563
558,558,7,64,PF,2021-08-23,359.56,148.96,2022-12-29,12:15:00 UTC,2,23:59:59.756309 UTC,560
565,565,7,64,PF,2016-06-28,4723.79,4450.35,2022-12-29,12:31:00 UTC,8,23:59:59.361189 UTC,560
570,570,7,64,PF,2021-12-14,1634.64,1530.2,2022-12-29,10:13:00 UTC,2,23:59:07 UTC,560
595,595,7,64,PF,2016-10-11,244085.13,251588.81,2019-07-28,15:15:00 UTC,7,15:05:07 UTC,1810
657,657,7,64,PF,2020-03-06,76149.84,75325.04,2022-12-29,13:40:00 UTC,4,23:59:59.664969 UTC,560
673,673,7,64,PF,2016-09-09,92837.59,86746.66,2022-08-19,14:30:00 UTC,7,17:46:19 UTC,692
686,686,7,64,PF,2021-05-26,9942.37,9726.47,2022-12-29,10:49:00 UTC,3,23:59:59.939569 UTC,560
702,702,7,64,PF,2017-05-25,26386.73,26892.41,2022-12-29,15:10:00 UTC,7,23:42:02 UTC,560
709,709,7,64,PF,2018-09-07,111450.85,107095.24,2022-12-28,11:13:00 UTC,5,04:19:32 UTC,561
722,722,7,64,PF,2018-05-16,13669.03,13065.0,2022-12-29,13:22:00 UTC,6,23:59:59.593951 UTC,560
738,738,7,64,PF,2018-12-19,17755.96,16268.02,2022-12-30,16:10:00 UTC,5,00:00:00.196002 UTC,559
746,746,7,64,PF,2021-08-27,6437.88,6676.28,2022-12-29,15:36:00 UTC,2,23:57:27 UTC,560
754,754,7,64,PF,2022-12-15,1251.16,810.28,2022-12-29,14:27:00 UTC,1,23:59:59.225241 UTC,560
757,757,7,64,PF,2016-12-10,7591.24,7573.15,2022-12-30,15:46:00 UTC,7,00:00:00.249453 UTC,559
792,792,7,64,PF,2018-12-08,40346.73,38036.24,2022-12-29,12:54:00 UTC,5,23:59:59.722139 UTC,560
818,818,7,64,PF,2021-05-08,40853.2,41083.46,2022-12-29,12:31:00 UTC,3,23:37:02 UTC,560
851,851,7,64,PF,2022-05-02,182.18,152.01,2022-12-29,10:45:00 UTC,2,23:59:59.256705 UTC,560
857,857,7,64,PF,2017-05-14,1985.66,1836.71,2022-12-29,14:29:00 UTC,7,23:35:39 UTC,560
865,865,7,64,PF,2019-05-06,11394.44,11738.35,2022-12-29,10:03:00 UTC,5,23:59:59.154938 UTC,560
873,873,7,64,PF,2021-05-25,179.77,171.2,2022-12-30,15:15:00 UTC,3,00:00:00.872384 UTC,559
874,874,7,64,PF,2021-11-20,187.61,67.71,2022-12-29,10:46:00 UTC,2,23:59:59.217707 UTC,560
917,917,7,64,PF,2016-05-18,2074.12,1891.0,2022-12-30,11:07:00 UTC,8,00:00:00.003824 UTC,559
928,928,7,64,PF,2022-12-16,1453.08,1108.93,2023-01-08,10:46:00 UTC,1,18:51:04.806542 UTC,550
936,936,7,64,PF,2017-03-27,95650.13,98589.38,2021-07-24,16:43:00 UTC,7,07:40:28 UTC,1083
951,951,7,64,PF,2018-11-19,5283.16,1806.91,2021-05-05,11:53:00 UTC,5,19:10:09 UTC,1163
957,957,7,64,PF,2020-08-10,14387.09,13140.68,2022-12-30,15:07:00 UTC,3,00:00:00.183784 UTC,559
973,973,7,64,PF,2020-12-25,3776.58,3691.88,2022-12-30,15:51:00 UTC,3,00:00:00.572579 UTC,559
992,992,7,64,PF,2020-02-13,2219.01,2138.16,2022-12-26,12:01:00 UTC,4,21:11:00 UTC,563
994,994,7,64,PF,2015-12-02,19719.41,19764.44,2022-12-29,12:23:00 UTC,8,23:59:36 UTC,560
7,7,7,84,PF,2018-09-12,98.65,23.43,2022-12-30,13:08:00 UTC,5,00:00:00.414866 UTC,559
98,98,7,84,PF,2018-02-19,110694.89,103238.17,2019-12-04,11:29:00 UTC,6,08:10:57 UTC,1681
100,100,7,84,PF,2017-03-10,26815.9,25875.0,2022-12-30,15:18:00 UTC,7,00:00:00.976909 UTC,559
117,117,7,84,PF,2022-06-22,61939.96,61304.34,2022-12-29,10:15:00 UTC,2,23:59:59.413867 UTC,560
122,122,7,84,PF,2016-10-02,24.67,11.88,2019-02-18,11:23:00 UTC,7,13:05:43 UTC,1970
128,128,7,84,PF,2018-05-22,8.6,264.73,2022-12-29,12:30:00 UTC,6,23:59:59.447373 UTC,560
133,133,7,84,PF,2022-12-22,264.91,163.95,2023-01-15,10:05:00 UTC,1,06:14:44.988615 UTC,543
137,137,7,84,PF,2017-01-06,67907.37,62273.86,2022-12-13,14:34:00 UTC,7,01:27:39 UTC,576
150,150,7,84,PF,2021-11-04,30578.58,29116.17,2022-12-29,11:27:00 UTC,2,23:59:59.875489 UTC,560
151,151,7,84,PF,2018-03-09,29082.3,27325.63,2022-07-16,15:53:00 UTC,6,07:45:02 UTC,726
159,159,7,84,PF,2022-06-24,435.9,410.81,2022-12-30,13:01:00 UTC,2,00:00:00.530312 UTC,559
174,174,7,84,PF,2017-04-21,23287.88,21444.25,2022-09-14,15:02:00 UTC,7,20:46:48 UTC,666
181,181,7,84,PF,2021-06-08,32738.63,30918.08,2022-12-29,15:03:00 UTC,3,23:51:04 UTC,560
204,204,7,84,PF,2021-02-23,7630.23,7643.5,2022-12-27,16:46:00 UTC,3,08:55:17 UTC,562
247,247,7,84,PF,2019-07-25,92174.68,85291.46,2022-12-29,14:05:00 UTC,4,23:59:59.872999 UTC,560
256,256,7,84,PF,2020-04-28,3.88,494.7,2022-11-02,16:46:00 UTC,4,17:44:43 UTC,617
262,262,7,84,PF,2019-10-19,78324.9,78285.28,2022-12-30,11:14:00 UTC,4,00:00:00.641084 UTC,559
272,272,7,84,PF,2021-08-25,185905.51,177022.98,2022-12-29,10:48:00 UTC,2,23:59:59.90242 UTC,560
281,281,7,84,PF,2016-06-27,1034.35,669.55,2022-12-30,15:06:00 UTC,8,00:00:00.171235 UTC,559
296,296,7,84,PF,2016-07-03,14857.75,12292.18,2022-07-30,11:32:00 UTC,8,14:40:55 UTC,712
311,311,7,84,PF,2021-10-13,2741.65,1066.09,2022-12-29,12:56:00 UTC,2,23:59:59.205706 UTC,560
318,318,7,84,PF,2017-03-06,49763.07,49705.32,2022-12-29,12:50:00 UTC,7,23:59:59.592804 UTC,560
330,330,7,84,PF,2022-06-11,25535.14,23786.8,2022-12-29,15:44:00 UTC,2,23:59:59.324736 UTC,560
334,334,7,84,PF,2016-10-08,20727.58,20722.6,2022-12-30,11:12:00 UTC,7,00:00:00.877463 UTC,559
349,349,7,84,PF,2019-01-07,28053.59,26634.4,2022-12-29,15:47:00 UTC,5,23:14:40 UTC,560
406,406,7,84,PF,2017-08-25,4672.45,4835.91,2022-12-29,13:16:00 UTC,6,23:59:10 UTC,560
439,439,7,84,PF,2019-05-18,1.22,4032.21,2022-12-29,11:42:00 UTC,5,23:59:59.300289 UTC,560
478,478,7,84,PF,2022-06-03,36880.0,38096.67,2022-12-30,10:52:00 UTC,2,00:00:00.309508 UTC,559
489,489,7,84,PF,2019-08-04,230.91,139.47,2022-12-29,13:50:00 UTC,4,23:59:59.583176 UTC,560
493,493,7,84,PF,2017-12-19,17359.52,15370.33,2022-12-30,16:53:00 UTC,6,00:00:00.916154 UTC,559
494,494,7,84,PF,2019-09-05,353.71,308.37,2022-12-29,11:39:00 UTC,4,23:57:44 UTC,560
508,508,7,84,PF,2019-05-18,14898.66,14102.08,2022-12-30,14:07:00 UTC,5,00:00:00.042409 UTC,559
519,519,7,84,PF,2021-09-14,797.46,187.19,2022-12-29,11:54:00 UTC,2,23:55:54 UTC,560
536,536,7,84,PF,2020-12-09,457.36,1236.6,2022-12-30,14:29:00 UTC,3,00:00:00.975642 UTC,559
561,561,7,84,PF,2019-01-20,9182.99,8913.97,2022-06-24,12:19:00 UTC,5,08:29:45 UTC,748
572,572,7,84,PF,2021-09-21,26.11,5.73,2022-12-29,16:34:00 UTC,2,23:59:59.148259 UTC,560
589,589,7,84,PF,2018-09-13,74008.72,71872.8,2020-06-04,13:09:00 UTC,5,21:51:06 UTC,1498
593,593,7,84,PF,2019-01-12,56788.45,57631.09,2022-12-29,10:56:00 UTC,5,23:59:59.736375 UTC,560
607,607,7,84,PF,2015-12-04,1963.97,1855.39,2018-09-08,11:48:00 UTC,8,03:23:55 UTC,2133
618,618,7,84,PF,2018-12-14,11413.91,10896.79,2020-05-13,11:23:00 UTC,5,12:18:10 UTC,1520
627,627,7,84,PF,2020-12-14,143.34,11.61,2022-12-29,13:51:00 UTC,3,23:59:59.510087 UTC,560
645,645,7,84,PF,2022-05-24,296.44,270.09,2022-12-30,13:33:00 UTC,2,00:00:00.157528 UTC,559
658,658,7,84,PF,2017-02-07,10623.52,10255.33,2019-09-20,12:10:00 UTC,7,20:58:34 UTC,1756
660,660,7,84,PF,2022-10-28,64380.39,61857.22,2022-12-30,14:34:00 UTC,1,00:00:00.202916 UTC,559
663,663,7,84,PF,2020-07-21,318.79,209.45,2022-12-29,14:21:00 UTC,3,23:59:59.30429 UTC,560
682,682,7,84,PF,2020-10-14,20.31,225.71,2022-12-30,16:53:00 UTC,3,00:00:00.673322 UTC,559
695,695,7,84,PF,2021-04-18,18491.94,17175.37,2022-12-30,15:39:00 UTC,3,00:00:00.577676 UTC,559
708,708,7,84,PF,2020-07-19,959.21,770.5,2022-11-04,11:21:00 UTC,3,04:20:04 UTC,615
729,729,7,84,PF,2020-08-21,267.79,223.21,2022-12-29,10:13:00 UTC,3,23:59:37 UTC,560
734,734,7,84,PF,2020-08-17,1021.1,953.19,2022-12-30,15:00:00 UTC,3,00:00:00.912619 UTC,559
745,745,7,84,PF,2017-04-23,24507.8,22446.31,2022-12-30,15:36:00 UTC,7,00:00:00.182844 UTC,559
803,803,7,84,PF,2021-11-17,71217.55,67168.87,2022-12-29,12:01:00 UTC,2,23:59:59.437175 UTC,560
822,822,7,84,PF,2022-12-16,238.97,212.94,2023-01-04,15:58:00 UTC,1,07:55:58.325386 UTC,554
827,827,7,84,PF,2022-10-24,107556.29,99308.13,2022-12-30,14:44:00 UTC,1,00:00:00.038647 UTC,559
860,860,7,84,PF,2021-04-15,41005.77,37774.11,2022-12-29,14:16:00 UTC,3,23:59:59.493746 UTC,560
882,882,7,84,PF,2020-09-20,12488.9,12478.81,2022-12-29,12:10:00 UTC,3,23:59:59.861598 UTC,560
884,884,7,84,PF,2017-08-06,13113.03,12932.07,2022-12-29,11:01:00 UTC,6,23:43:26 UTC,560
893,893,7,84,PF,2022-07-19,310.48,298.54,2022-12-29,13:30:00 UTC,1,23:59:59.983608 UTC,560
929,929,7,84,PF,2019-02-27,34456.31,32992.26,2022-11-13,13:07:00 UTC,5,05:06:34 UTC,606
942,942,7,84,PF,2015-10-24,48.26,292.65,2021-07-27,15:54:00 UTC,8,13:03:47 UTC,1080
944,944,7,84,PF,2020-05-09,18246.87,16570.43,2022-12-30,11:42:00 UTC,4,00:00:00.292822 UTC,559
948,948,7,84,PF,2016-09-25,22981.42,23251.53,2022-12-30,15:39:00 UTC,7,00:00:00.750961 UTC,559
959,959,7,84,PF,2022-06-07,9579.72,10044.11,2022-12-29,12:06:00 UTC,2,23:59:59.868973 UTC,560
964,964,7,84,PF,2021-06-24,938.7,17.6,2022-12-29,14:15:00 UTC,3,23:59:59.423736 UTC,560
969,969,7,84,PF,2020-10-18,19705.84,19084.52,2022-12-30,10:41:00 UTC,3,00:00:00.563535 UTC,559
986,986,7,84,PF,2016-01-23,3674.61,3468.33,2019-01-19,12:45:00 UTC,8,05:34:40 UTC,2000
999,999,7,84,PF,2017-08-25,18697.46,18628.42,2022-12-29,15:13:00 UTC,6,23:59:59.752141 UTC,560
12,12,7,85,PF,2016-01-13,437.29,405.41,2022-12-29,12:28:00 UTC,8,23:59:58 UTC,560
13,13,7,85,PF,2022-12-16,229.78,212.5,2023-01-08,11:20:00 UTC,1,07:02:40.717016 UTC,550
20,20,7,85,PF,2021-05-20,50155.81,49629.64,2022-12-29,15:06:00 UTC,3,23:59:59.134153 UTC,560
58,58,7,85,PF,2017-11-02,55549.86,57199.63,2022-12-30,12:54:00 UTC,6,00:00:00.41749 UTC,559
63,63,7,85,PF,2019-04-10,2354.25,2160.99,2022-12-30,12:23:00 UTC,5,00:00:00.08759 UTC,559
91,91,7,85,PF,2020-02-17,51889.38,50612.74,2022-12-29,10:45:00 UTC,4,23:59:30 UTC,560
123,123,7,85,PF,2021-10-16,308.13,186.79,2022-12-29,15:35:00 UTC,2,23:59:59.004416 UTC,560
182,182,7,85,PF,2020-11-04,6257.19,6395.69,2022-12-29,12:06:00 UTC,3,23:59:59.937321 UTC,560
273,273,7,85,PF,2020-04-27,65.49,29.7,2022-12-30,11:42:00 UTC,4,00:00:00.680274 UTC,559
308,308,7,85,PF,2018-06-26,28868.04,26440.84,2022-12-30,14:23:00 UTC,6,00:00:00.775337 UTC,559
314,314,7,85,PF,2017-02-11,19172.35,17788.25,2022-12-23,12:07:00 UTC,7,08:14:19 UTC,566
324,324,7,85,PF,2022-01-11,123.14,103.13,2022-12-30,15:19:00 UTC,2,00:00:00.277362 UTC,559
335,335,7,85,PF,2022-01-02,751.07,709.01,2022-12-29,11:09:00 UTC,2,23:59:59.05189 UTC,560
337,337,7,85,PF,2017-08-03,36506.97,37852.09,2022-12-29,14:16:00 UTC,6,08:42:23 UTC,560
338,338,7,85,PF,2016-03-07,185276.12,179836.59,2022-12-30,14:26:00 UTC,8,00:00:00.75186 UTC,559
345,345,7,85,PF,2017-12-08,11346.32,10598.12,2022-12-30,13:24:00 UTC,6,00:00:00.302612 UTC,559
348,348,7,85,PF,2018-03-03,51345.4,48405.15,2021-10-06,11:58:00 UTC,6,04:37:41 UTC,1009
367,367,7,85,PF,2015-08-21,15067.75,15142.78,2021-11-06,11:07:00 UTC,8,12:28:06 UTC,978
369,369,7,85,PF,2022-10-09,2372.8,2392.14,2022-12-30,11:31:00 UTC,1,00:00:00.630579 UTC,559
378,378,7,85,PF,2018-03-18,1483.8,1454.99,2020-12-28,12:36:00 UTC,6,07:37:42 UTC,1291
384,384,7,85,PF,2022-03-10,26811.23,25982.42,2022-12-29,13:20:00 UTC,2,23:59:59.194529 UTC,560
391,391,7,85,PF,2020-06-21,221113.68,215962.42,2022-10-16,11:39:00 UTC,4,07:03:56 UTC,634
392,392,7,85,PF,2015-12-26,4970.32,4563.98,2019-09-23,15:09:00 UTC,8,00:15:52 UTC,1753
396,396,7,85,PF,2021-09-24,7540.11,7091.65,2022-12-30,11:11:00 UTC,2,00:00:00.66657 UTC,559
397,397,7,85,PF,2018-10-13,40026.37,36169.34,2022-12-29,10:51:00 UTC,5,22:02:26 UTC,560
409,409,7,85,PF,2015-11-08,17764.62,18283.47,2021-04-07,14:10:00 UTC,8,14:37:17 UTC,1191
458,458,7,85,PF,2017-07-02,55600.62,57884.81,2022-12-29,14:47:00 UTC,7,23:59:59.14525 UTC,560
463,463,7,85,PF,2017-04-02,13633.9,13891.76,2020-11-08,13:32:00 UTC,7,15:13:48 UTC,1341
465,465,7,85,PF,2017-10-07,6002.17,6030.19,2021-08-25,14:54:00 UTC,6,16:37:01 UTC,1051
469,469,7,85,PF,2018-09-27,43152.17,45107.74,2022-12-29,11:50:00 UTC,5,23:59:59.897207 UTC,560
471,471,7,85,PF,2022-10-20,592.73,529.53,2022-12-29,16:02:00 UTC,1,23:59:59.822754 UTC,560
483,483,7,85,PF,2022-10-23,59749.51,56176.71,2022-12-30,11:12:00 UTC,1,00:00:00.904481 UTC,559
502,502,7,85,PF,2021-12-19,58387.64,58427.81,2022-12-30,15:05:00 UTC,2,00:00:00.447584 UTC,559
503,503,7,85,PF,2020-11-25,5085.35,5111.28,2022-12-29,13:30:00 UTC,3,23:59:59.909101 UTC,560
511,511,7,85,PF,2018-11-07,36503.11,38393.28,2022-12-18,11:57:00 UTC,5,17:28:23 UTC,571
522,522,7,85,PF,2016-11-05,1004.89,377.69,2021-01-25,13:26:00 UTC,7,19:40:47 UTC,1263
524,524,7,85,PF,2019-11-02,75259.85,70788.36,2022-12-29,11:32:00 UTC,4,23:53:37 UTC,560
609,609,7,85,PF,2017-05-14,57623.75,58782.09,2021-09-04,15:03:00 UTC,7,06:56:17 UTC,1041
619,619,7,85,PF,2020-04-02,11.72,789.16,2022-05-21,14:43:00 UTC,4,03:34:21 UTC,782
675,675,7,85,PF,2019-04-24,43784.88,40696.79,2022-12-30,13:55:00 UTC,5,00:00:00.544625 UTC,559
694,694,7,85,PF,2022-04-07,137.44,98.67,2022-12-29,14:35:00 UTC,2,23:59:59.153504 UTC,560
696,696,7,85,PF,2021-12-24,331.32,133.89,2022-12-29,13:02:00 UTC,2,23:59:59.365934 UTC,560
719,719,7,85,PF,2016-08-16,13048.59,13317.15,2019-12-20,13:16:00 UTC,7,19:18:15 UTC,1665
724,724,7,85,PF,2019-08-07,1378.0,1349.54,2022-09-14,13:31:00 UTC,4,05:40:11 UTC,666
731,731,7,85,PF,2017-07-21,857.75,512.93,2022-12-26,11:57:00 UTC,6,20:38:55 UTC,563
772,772,7,85,PF,2017-06-08,53692.84,50042.79,2021-11-12,11:13:00 UTC,7,13:19:09 UTC,972
777,777,7,85,PF,2022-01-07,1200.76,577.59,2022-12-29,13:03:00 UTC,2,23:59:59.536609 UTC,560
791,791,7,85,PF,2015-10-21,5609.51,4787.19,2022-12-27,13:49:00 UTC,8,23:54:19 UTC,562
795,795,7,85,PF,2022-02-25,100.64,51.65,2022-12-29,15:08:00 UTC,2,23:59:59.852052 UTC,560
806,806,7,85,PF,2018-05-02,584.98,576.96,2022-12-29,13:32:00 UTC,6,23:48:23 UTC,560
811,811,7,85,PF,2018-08-06,7630.79,7722.45,2022-08-24,11:04:00 UTC,5,03:53:49 UTC,687
812,812,7,85,PF,2018-10-24,15943.42,16354.83,2022-06-29,12:26:00 UTC,5,15:52:37 UTC,743
823,823,7,85,PF,2022-01-18,383.59,357.27,2022-12-29,12:45:00 UTC,2,23:59:59.916742 UTC,560
847,847,7,85,PF,2017-10-23,84.57,35.3,2022-08-18,12:25:00 UTC,6,01:29:44 UTC,693
908,908,7,85,PF,2021-04-02,121.07,146.49,2022-12-29,10:22:00 UTC,3,23:59:59.051283 UTC,560
933,933,7,85,PF,2015-08-12,18663.66,17579.49,2017-10-10,13:49:00 UTC,8,15:46:46 UTC,2466
965,965,7,85,PF,2016-08-28,321.13,411.64,2022-12-30,14:28:00 UTC,7,00:00:00.792144 UTC,559
976,976,7,85,PF,2015-09-16,68294.77,64946.46,2019-08-14,15:49:00 UTC,8,20:05:43 UTC,1793
32,32,7,86,PF,2017-12-14,17618.68,16884.65,2020-10-04,14:59:00 UTC,6,07:29:28 UTC,1376
88,88,7,86,PF,2020-10-07,13428.22,13974.82,2022-12-29,14:15:00 UTC,3,23:59:59.422843 UTC,560
99,99,7,86,PF,2017-10-14,6520.0,6492.2,2022-12-30,12:58:00 UTC,6,00:00:00.121381 UTC,559
101,101,7,86,PF,2018-11-05,111513.04,105076.54,2022-12-29,14:17:00 UTC,5,23:44:00 UTC,560
121,121,7,86,PF,2021-02-08,560.09,167.85,2022-12-29,11:22:00 UTC,3,23:59:59.126199 UTC,560
156,156,7,86,PF,2018-09-03,77724.42,77618.77,2021-08-29,15:21:00 UTC,5,14:31:08 UTC,1047
184,184,7,86,PF,2018-11-12,30326.43,31954.14,2022-12-30,13:09:00 UTC,5,00:00:00.746947 UTC,559
194,194,7,86,PF,2016-12-18,6724.23,6042.25,2021-12-11,14:20:00 UTC,7,04:38:39 UTC,943
214,214,7,86,PF,2017-04-04,62.3,51.56,2022-12-29,14:29:00 UTC,7,23:59:59.589471 UTC,560
219,219,7,86,PF,2022-02-17,45527.32,46013.39,2022-12-30,10:52:00 UTC,2,00:00:00.69418 UTC,559
236,236,7,86,PF,2020-02-25,21089.26,21928.04,2022-12-29,11:42:00 UTC,4,23:59:59.882864 UTC,560
268,268,7,86,PF,2016-07-06,745.35,548.68,2022-04-21,16:25:00 UTC,8,03:27:50 UTC,812
282,282,7,86,PF,2017-10-03,156.66,78.3,2022-12-30,12:41:00 UTC,6,00:00:00.158915 UTC,559
287,287,7,86,PF,2020-07-20,37008.84,38511.38,2022-12-29,13:04:00 UTC,3,23:59:59.21128 UTC,560
305,305,7,86,PF,2021-07-13,275.74,187.48,2022-12-30,13:43:00 UTC,2,00:00:00.012666 UTC,559
336,336,7,86,PF,2020-10-18,5.06,33.56,2022-12-30,13:03:00 UTC,3,00:00:00.340335 UTC,559
344,344,7,86,PF,2022-05-25,142.34,26.17,2022-12-29,13:35:00 UTC,2,23:59:59.41915 UTC,560
400,400,7,86,PF,2018-04-21,27.32,9013.16,2022-12-29,15:16:00 UTC,6,23:59:59.930257 UTC,560
401,401,7,86,PF,2020-12-18,51461.9,51296.9,2022-08-07,11:53:00 UTC,3,02:42:20 UTC,704
403,403,7,86,PF,2020-03-17,53898.49,50265.66,2022-12-29,13:11:00 UTC,4,23:59:59.751958 UTC,560
404,404,7,86,PF,2022-06-05,32344.56,31038.09,2022-12-30,15:57:00 UTC,2,00:00:00.432683 UTC,559
426,426,7,86,PF,2022-06-27,152392.83,139689.94,2022-12-30,11:26:00 UTC,2,00:00:00.903816 UTC,559
436,436,7,86,PF,2019-12-10,8634.92,9025.44,2022-12-29,12:32:00 UTC,4,23:59:59.671918 UTC,560
445,445,7,86,PF,2019-10-18,9499.42,7373.57,2022-12-29,14:44:00 UTC,4,18:13:01 UTC,560
470,470,7,86,PF,2016-10-03,14772.14,12201.82,2022-12-29,14:01:00 UTC,7,23:59:59.527107 UTC,560
474,474,7,86,PF,2020-01-12,116.68,13.08,2022-12-29,10:03:00 UTC,4,23:59:59.796608 UTC,560
563,563,7,86,PF,2021-07-10,46720.6,46232.24,2022-12-30,11:51:00 UTC,3,00:00:00.239283 UTC,559
569,569,7,86,PF,2016-11-25,38.12,10.87,2022-12-29,12:47:00 UTC,7,23:59:59.599916 UTC,560
583,583,7,86,PF,2020-06-25,380.63,128.17,2022-12-29,14:02:00 UTC,4,23:59:59.389092 UTC,560
594,594,7,86,PF,2019-11-26,1648.62,1131.1,2022-11-27,14:01:00 UTC,4,00:35:22 UTC,592
605,605,7,86,PF,2022-05-02,50226.31,49704.08,2022-12-30,16:57:00 UTC,2,00:00:00.234545 UTC,559
629,629,7,86,PF,2018-06-15,4654.49,4310.24,2022-12-29,13:15:00 UTC,6,23:49:27 UTC,560
654,654,7,86,PF,2019-05-24,48933.5,46182.71,2022-12-29,12:34:00 UTC,5,23:59:59.98354 UTC,560
665,665,7,86,PF,2019-12-11,15668.52,16088.41,2022-12-29,14:35:00 UTC,4,23:59:59.131184 UTC,560
669,669,7,86,PF,2016-04-15,67205.88,55598.12,2020-04-14,14:26:00 UTC,8,01:45:56 UTC,1549
683,683,7,86,PF,2022-03-06,4130.39,4337.77,2022-12-30,13:25:00 UTC,2,00:00:00.511657 UTC,559
707,707,7,86,PF,2016-10-22,60833.23,59617.25,2019-01-13,14:14:00 UTC,7,13:11:29 UTC,2006
748,748,7,86,PF,2019-06-19,49285.01,50788.55,2022-12-30,11:57:00 UTC,5,00:00:00.011986 UTC,559
784,784,7,86,PF,2020-07-27,373.39,331.31,2022-12-29,12:34:00 UTC,3,23:59:59.156407 UTC,560
788,788,7,86,PF,2021-06-11,38.44,243.41,2022-12-30,11:11:00 UTC,3,00:00:00.956241 UTC,559
809,809,7,86,PF,2021-05-18,901.68,568.8,2022-12-29,16:15:00 UTC,3,23:59:59.380966 UTC,560
816,816,7,86,PF,2017-04-18,157.97,57.04,2022-12-23,15:01:00 UTC,7,13:45:19 UTC,566
835,835,7,86,PF,2019-12-09,39400.28,38090.6,2022-12-29,11:43:00 UTC,4,23:59:59.787445 UTC,560
843,843,7,86,PF,2019-08-09,11976.37,11226.09,2021-07-02,10:35:00 UTC,4,02:15:55 UTC,1105
854,854,7,86,PF,2017-04-13,656.25,652.94,2022-12-29,12:22:00 UTC,7,23:59:59.220665 UTC,560
859,859,7,86,PF,2020-11-03,4935.65,1943.39,2022-12-30,11:41:00 UTC,3,00:00:00.920671 UTC,559
867,867,7,86,PF,2016-10-14,112726.72,112686.21,2019-03-15,12:02:00 UTC,7,11:54:30 UTC,1945
885,885,7,86,PF,2018-03-01,16065.41,15859.56,2020-09-02,15:45:00 UTC,6,02:39:39 UTC,1408
894,894,7,86,PF,2019-06-04,39102.76,36479.2,2022-10-23,12:01:00 UTC,5,19:09:11 UTC,627
901,901,7,86,PF,2020-01-18,18.92,310.45,2022-12-29,13:48:00 UTC,4,23:59:59.192828 UTC,560
907,907,7,86,PF,2022-08-01,4204.58,4444.39,2022-12-30,12:44:00 UTC,1,00:00:00.499121 UTC,559
921,921,7,86,PF,2021-09-03,334.41,297.92,2022-12-29,15:52:00 UTC,2,23:59:59.728015 UTC,560
922,922,7,86,PF,2022-08-17,38032.11,36903.26,2022-12-30,11:05:00 UTC,1,00:00:00.103515 UTC,559
931,931,7,86,PF,2020-09-14,16674.27,16089.49,2022-12-30,14:09:00 UTC,3,00:00:00.401417 UTC,559
949,949,7,86,PF,2016-07-07,762.5,635.62,2021-12-26,10:30:00 UTC,8,08:41:06 UTC,928
961,961,7,86,PF,2020-05-13,91464.29,91423.61,2022-12-29,11:41:00 UTC,4,23:59:59.488865 UTC,560
962,962,7,86,PF,2022-07-19,15163.99,15247.75,2022-12-29,15:11:00 UTC,1,23:59:59.609314 UTC,560
978,978,7,86,PF,2022-03-07,15455.42,15291.84,2022-12-30,14:38:00 UTC,2,00:00:00.122916 UTC,559
985,985,7,86,PF,2018-01-18,24814.11,22495.77,2021-06-26,15:15:00 UTC,6,00:54:13 UTC,1111
30,30,8,33,PF,2018-01-26,129.66,957.15,2022-12-30,14:53:00 UTC,6,00:00:00.024953 UTC,559
475,475,8,33,PF,2020-05-04,82402.71,82534.2,2022-12-29,13:45:00 UTC,4,23:59:59.304362 UTC,560
858,858,8,33,PF,2018-11-28,628.78,297.11,2022-04-14,11:24:00 UTC,5,16:47:44 UTC,819
38,38,8,35,PF,2021-08-23,31493.59,31765.42,2022-12-30,12:15:00 UTC,2,00:00:00.550629 UTC,559
125,125,8,35,PF,2019-04-08,10863.58,12932.35,2022-12-29,12:41:00 UTC,5,23:59:57 UTC,560
428,428,8,35,PF,2019-11-27,61602.49,56521.82,2022-12-29,14:29:00 UTC,4,23:59:59.96624 UTC,560
526,526,8,35,PF,2018-09-16,37666.72,37588.75,2022-12-29,15:21:00 UTC,5,20:03:55 UTC,560
869,869,8,35,PF,2021-04-09,1807.35,1835.42,2022-12-29,13:01:00 UTC,3,23:59:59.261903 UTC,560
872,872,8,35,PF,2021-01-16,74.7,55.0,2022-12-30,10:38:00 UTC,3,00:00:00.875846 UTC,559
120,120,8,40,PF,2021-11-18,448.52,400.95,2022-12-29,10:05:00 UTC,2,23:59:59.02948 UTC,560
453,453,8,40,PF,2022-01-14,20.26,218.06,2022-12-29,13:16:00 UTC,2,23:59:59.573525 UTC,560
918,918,8,40,PF,2020-05-16,666.1,502.46,2022-12-29,11:58:00 UTC,4,22:20:07 UTC,560
209,209,8,51,PF,2021-02-07,21.63,8.36,2022-12-29,12:38:00 UTC,3,23:59:59.344628 UTC,560
407,407,8,51,PF,2019-05-18,6002.91,5776.05,2021-11-15,13:18:00 UTC,5,10:22:45 UTC,969
556,556,8,51,PF,2020-06-08,165.02,1003.86,2022-12-29,14:51:00 UTC,4,23:59:57 UTC,560
560,560,8,51,PF,2020-07-14,40.8,17.21,2022-12-11,13:09:00 UTC,3,22:19:08 UTC,578
950,950,8,51,PF,2020-10-23,184.49,67.75,2022-07-05,14:33:00 UTC,3,00:56:30 UTC,737
44,44,8,68,PF,2020-09-07,26049.3,24401.26,2022-11-05,14:32:00 UTC,3,21:31:22 UTC,614
639,639,8,68,PF,2020-04-16,119106.69,122899.57,2022-11-18,13:45:00 UTC,4,12:13:00 UTC,601
736,736,8,68,PF,2021-11-06,6682.74,6102.12,2022-12-29,15:31:00 UTC,2,23:59:59.081001 UTC,560
825,825,8,68,PF,2022-04-28,8502.88,7492.98,2022-12-30,14:01:00 UTC,2,00:00:00.772394 UTC,559
69,69,8,80,PF,2019-10-26,152.5,103.48,2022-12-29,14:52:00 UTC,4,23:59:59.509262 UTC,560
288,288,8,80,PF,2018-10-08,527.6,437.7,2022-12-30,10:40:00 UTC,5,00:00:00.730093 UTC,559
359,359,8,80,PF,2019-01-15,60095.91,57983.04,2022-05-10,11:27:00 UTC,5,20:02:31 UTC,793
644,644,8,80,PF,2022-11-06,651.23,610.89,2022-12-30,12:02:00 UTC,1,00:00:00.212304 UTC,559
693,693,8,80,PF,2020-01-21,162.09,75.28,2022-12-29,13:12:00 UTC,4,23:59:59.334376 UTC,560
743,743,8,80,PF,2019-05-06,14112.22,12225.51,2022-12-29,11:39:00 UTC,5,23:40:09 UTC,560
50,50,8,94,PF,2021-11-17,292.62,92.12,2022-12-30,16:16:00 UTC,2,00:00:00.263525 UTC,559
672,672,8,94,PF,2019-07-14,15905.06,14492.84,2022-12-29,12:16:00 UTC,4,23:59:55 UTC,560
853,853,8,94,PF,2020-11-21,232.55,223.73,2022-12-30,11:32:00 UTC,3,00:00:00.86864 UTC,559
253,253,9,1,PF,2022-05-27,324.39,232.78,2022-12-30,11:17:00 UTC,2,00:00:00.299986 UTC,559
313,313,9,1,PF,2022-08-22,4056.66,4254.34,2022-12-29,13:17:00 UTC,1,23:59:59.033326 UTC,560
591,591,9,1,PF,2022-05-19,20638.03,19948.77,2022-12-30,11:46:00 UTC,2,00:00:00.46683 UTC,559
793,793,9,1,PF,2020-05-03,19031.04,19194.43,2022-12-30,15:46:00 UTC,4,00:00:00.087299 UTC,559
815,815,9,1,PF,2021-06-21,174.4,124.26,2022-12-29,14:04:00 UTC,3,23:59:59.904627 UTC,560
111,111,9,11,PF,2021-11-02,8803.35,8911.52,2022-12-30,11:34:00 UTC,2,00:00:00.70592 UTC,559
652,652,9,11,PF,2020-10-23,88153.38,80069.18,2022-08-29,15:23:00 UTC,3,16:01:05 UTC,682
726,726,9,11,PF,2019-11-06,6821.06,7092.0,2022-12-30,15:14:00 UTC,4,00:00:00.545392 UTC,559
25,25,9,25,PF,2022-09-04,9489.89,9647.99,2022-12-29,10:40:00 UTC,1,23:59:59.761029 UTC,560
132,132,9,25,PF,2022-08-18,57047.0,57686.22,2022-12-30,11:53:00 UTC,1,00:00:00.794804 UTC,559
585,585,9,25,PF,2022-10-20,44649.39,40913.97,2022-12-30,11:04:00 UTC,1,00:00:00.696077 UTC,559
96,96,9,38,PF,2022-08-15,317.95,257.75,2022-12-29,13:30:00 UTC,1,23:59:59.221345 UTC,560
443,443,9,38,PF,2022-01-03,470.73,383.61,2022-12-29,11:42:00 UTC,2,23:59:59.742301 UTC,560
713,713,9,38,PF,2019-10-10,6769.58,6828.53,2022-12-29,10:50:00 UTC,4,23:59:59.698062 UTC,560
66,66,9,39,PF,2021-05-19,134.87,78.44,2022-06-24,13:18:00 UTC,3,02:32:39 UTC,748
321,321,9,39,PF,2020-04-24,706.22,444.63,2022-12-29,10:58:00 UTC,4,23:59:59.798756 UTC,560
916,916,9,39,PF,2020-01-17,20401.1,18537.45,2022-12-30,11:30:00 UTC,4,00:00:00.050997 UTC,559
947,947,9,39,PF,2022-09-02,36730.38,37095.21,2022-12-30,15:11:00 UTC,1,00:00:00.193547 UTC,559
10,10,9,75,PF,2020-11-03,30742.04,28682.48,2022-12-30,14:04:00 UTC,3,00:00:00.125945 UTC,559
34,34,9,75,PF,2022-08-02,31583.46,29187.79,2022-12-30,15:03:00 UTC,1,00:00:00.58848 UTC,559
711,711,9,75,PF,2022-12-08,342.77,235.76,2023-01-05,14:47:00 UTC,1,04:57:57.508429 UTC,553
278,278,9,90,PF,2020-04-17,47525.72,47220.72,2022-12-29,15:47:00 UTC,4,23:59:59.45867 UTC,560
512,512,9,90,PF,2020-05-12,5687.07,4791.86,2022-02-06,12:40:00 UTC,4,14:04:31 UTC,886
648,648,9,90,PF,2021-07-28,5011.14,4585.31,2022-12-30,15:32:00 UTC,2,00:00:00.611082 UTC,559
904,904,9,90,PF,2020-12-16,153177.78,143607.04,2022-12-29,14:36:00 UTC,3,08:00:16 UTC,560
41,41,9,91,PF,2020-02-28,53.16,91.53,2022-12-30,12:44:00 UTC,4,00:00:00.427258 UTC,559
79,79,9,91,PF,2022-12-03,883.05,642.8,2022-12-30,10:51:00 UTC,1,00:00:00.072279 UTC,559
136,136,9,91,PF,2021-03-24,34431.6,32145.32,2022-12-29,13:43:00 UTC,3,23:59:59.053442 UTC,560
257,257,9,91,PF,2021-05-20,2937.33,2641.36,2022-12-30,14:11:00 UTC,3,00:00:00.442241 UTC,559
770,770,9,91,PF,2022-04-04,62511.09,29401.58,2022-12-29,12:34:00 UTC,2,23:59:59.127275 UTC,560
466,466,10,8,PF,2022-10-26,7847.42,9351.63,2022-12-30,14:13:00 UTC,1,00:00:00.319185 UTC,559
764,764,10,8,PF,2022-09-08,65495.19,64823.14,2022-12-29,11:06:00 UTC,1,23:59:59.964121 UTC,560
488,488,10,18,PF,2022-07-16,8663.61,6836.57,2022-12-30,10:16:00 UTC,1,00:00:00.966349 UTC,559
395,395,10,95,PF,2022-12-01,23156.21,21578.33,2022-12-30,15:27:00 UTC,1,00:00:00.607818 UTC,559
355,355,10,100,PF,2022-10-22,10680.15,10336.34,2022-12-29,14:50:00 UTC,1,23:59:59.739032 UTC,560
